epoch,train_loss_running,train_loss,val_loss,train_macro_f1,val_macro_f1
1,1.1784425861707883,0.863612174987793,1.6314911842346191,0.5668142525172849,0.12572995557565386
2,0.7775108129664208,0.6143847703933716,0.9830593466758728,0.7421586159415867,0.2634315514306599
3,0.6505294324257829,0.6602380275726318,1.1687471866607666,0.6896937607755449,0.25369428521839404
4,0.5947011929639333,0.4965743124485016,0.7375730872154236,0.797022247378964,0.32922591705993204
5,0.5373569030540934,0.5183651447296143,1.142682433128357,0.768275250837471,0.25333256883892175
6,0.5233689710381371,0.4011363089084625,0.7283596396446228,0.8366532957160949,0.342912224650556
7,0.44852736556451145,0.3700970709323883,0.6191492080688477,0.8610237630917563,0.35738413144104664
8,0.419489379414434,0.3665035367012024,0.8705388903617859,0.8344778514200657,0.3174967883903482
9,0.3864803628540154,0.35664620995521545,0.7685428261756897,0.8500231550939311,0.3437673300411442
10,0.39130053291532985,0.3547345995903015,0.597650945186615,0.8818784943100744,0.4309909547271335
11,0.3769461132465037,0.29794102907180786,0.6249197125434875,0.8695665279083393,0.39807808728575833
12,0.3652281067096105,0.2833869755268097,0.4912109971046448,0.8970422740730977,0.4304462757191153
13,0.3247923270916265,0.37484875321388245,0.7008309960365295,0.8523632490575768,0.3764951685303196
14,0.32320393412247955,0.23812143504619598,0.40866807103157043,0.9147458191326168,0.46063604021124627
15,0.30506042344915674,0.23360668122768402,0.4328756630420685,0.9228984865022319,0.450252193659159
16,0.29507092050020767,0.2948591709136963,0.5148730874061584,0.8933851634183817,0.41324318978548924
17,0.2853113423430339,0.21506467461585999,0.49866652488708496,0.917802516149888,0.41143019073533427
18,0.25155165028980675,0.20065800845623016,0.4263697862625122,0.9180533430320669,0.43506765886360305
19,0.2526077590322753,0.1983180046081543,0.6544471979141235,0.9239400012168597,0.43168799508857114
20,0.22531091002943426,0.18214619159698486,0.48045614361763,0.9292931351377968,0.43939078254942
21,0.2623130477700546,0.19116277992725372,0.48545172810554504,0.9351236905628324,0.4387562254574001
22,0.22062989825666202,0.1815006285905838,0.4274197220802307,0.9273386136287055,0.46647002001936466
23,0.22192826101884594,0.18653342127799988,0.48815053701400757,0.9189615380996011,0.4320862522770582
24,0.24839922464976308,0.21539674699306488,0.76120525598526,0.9109780981743734,0.37559659504879533
25,0.2216576470069977,0.17181815207004547,0.38425731658935547,0.940196138928961,0.47266399330455366
26,0.19901348263365778,0.13574856519699097,0.4747525453567505,0.9469407582539573,0.4588419830108491
27,0.19744681573673967,0.16109904646873474,0.41824519634246826,0.9296551836953473,0.4453803037488583
28,0.19531929932906553,0.14468295872211456,0.5660732388496399,0.9414817175326895,0.40154401728319583
29,0.1781965066699543,0.14308224618434906,0.5751487016677856,0.9357793681598862,0.4181889555757753
30,0.17659107510110233,0.12191776931285858,0.46475282311439514,0.9556870682877028,0.46247004690668697
31,0.1967946051010079,0.1347835510969162,0.4222574830055237,0.9428596535149627,0.4701195177353424
32,0.18039287781758404,0.10376620292663574,0.4521554708480835,0.9622566944130835,0.4661627175321138
33,0.1906218995943316,0.10254734009504318,0.43410244584083557,0.9618449783416698,0.4990067233348522
34,0.16534501776520344,0.10293829441070557,0.4510653614997864,0.9599942241430854,0.47948754547245764
35,0.17622689206558612,0.10164210200309753,0.366392582654953,0.9689888094237491,0.49773926714578315
36,0.16594486809052836,0.09893833845853806,0.46628522872924805,0.9596905250318436,0.4445269710664587
37,0.14451060583450961,0.09602690488100052,0.40283504128456116,0.9604919626554844,0.46970578820018405
38,0.14417049838022805,0.11247982829809189,0.662649929523468,0.9491012027854364,0.3854431609602525
39,0.1533831917175097,0.1252492517232895,0.4527953863143921,0.9527195639984232,0.4994226048558076
40,0.1592256407859952,0.12437787652015686,0.5910385847091675,0.9419528777242301,0.38190464880132946
41,0.1409444462550525,0.08218804746866226,0.47961318492889404,0.9635239486659314,0.44903047083153813
42,0.13280938691624802,0.08253242820501328,0.4606882333755493,0.9690137361817441,0.44415054905946655
43,0.1324982195465377,0.07676530629396439,0.47183093428611755,0.9688638255835956,0.46794335150072863
44,0.11389406914282332,0.06847977638244629,0.5028359889984131,0.9734680133633201,0.4764829483331683
45,0.15903871414160342,0.08657818287611008,0.4734669327735901,0.9658310235775094,0.46093496291179337
46,0.13970491549048306,0.10019732266664505,0.4561001658439636,0.9640412544603079,0.4839131029297503
47,0.12857635789878455,0.07427582144737244,0.4237886369228363,0.9700629203595007,0.5064241656871286
48,0.10585282104099937,0.05591880902647972,0.5286778807640076,0.9787878890589227,0.4656443635576778
49,0.11592762059768996,0.06924417614936829,0.47863510251045227,0.9686881885327926,0.4634867988658689
50,0.16726429320499972,0.08256708830595016,0.4463449716567993,0.9659218239075633,0.46877033440671073
51,0.12527246351431667,0.05716778710484505,0.44887635111808777,0.978012666820591,0.46443344829215605
52,0.11502739787101746,0.054368551820516586,0.4981907308101654,0.9761942569817451,0.47050525455757153
53,0.10120445983377982,0.051035862416028976,0.3718680441379547,0.9812664444778733,0.48252741356167367
54,0.09112117810021375,0.06364816427230835,0.3772055506706238,0.9774451737573537,0.4968259880330059
55,0.09779816177761562,0.053720198571681976,0.494056761264801,0.9740971438403323,0.4450691702149081
56,0.11201397164025295,0.05876954644918442,0.5586127638816833,0.9705961595837103,0.4305842056481907
57,0.1027027552861158,0.06074943765997887,0.45504826307296753,0.9729890575290232,0.45674772702386734
58,0.07307639652644735,0.039613477885723114,0.5146617293357849,0.9814243950019442,0.45674015518946154
59,0.0818060632107384,0.05066557601094246,0.40634340047836304,0.9744988966186707,0.477606119100159
60,0.06961437290443653,0.0394412986934185,0.4407496452331543,0.9865118186517593,0.5248692517300915
61,0.09649024042006867,0.06394630670547485,0.4026542603969574,0.9763124140127643,0.4950286437703295
62,0.11167983443297612,0.08250582963228226,0.5499885082244873,0.9603518903268629,0.463234295749654
63,0.12351112609804214,0.05546269938349724,0.4069596827030182,0.975868553434575,0.5135021812596077
64,0.08624456384708132,0.04684494808316231,0.49682408571243286,0.9794900935487553,0.4788238379361126
65,0.09695376764805971,0.08321063965559006,0.7462643384933472,0.9601901053010676,0.47260937298865213
66,0.11461606175849864,0.04985073208808899,0.43787992000579834,0.9799836976657497,0.48892033246847433
67,0.09434540305002152,0.04654615744948387,0.5023593902587891,0.9808362483429539,0.4493027428055486
68,0.08925512292149622,0.03723881393671036,0.4411388039588928,0.9821328626984014,0.4734438416412644
69,0.06911311290992432,0.04404696449637413,0.5306760668754578,0.9706121934193999,0.3978140189012581
70,0.067848578749546,0.03181976452469826,0.40256574749946594,0.9840251364736297,0.4929000699107761
71,0.06659996827422533,0.03442579135298729,0.35092437267303467,0.9836701452371178,0.5353215523157943
72,0.07222135921898766,0.033154550939798355,0.5082783699035645,0.9863881259665919,0.5278940994668859
73,0.054070453878023936,0.025179699063301086,0.4503241777420044,0.9874238132992277,0.5177753720737679
74,0.0677549685796771,0.03056139126420021,0.4275587499141693,0.9847315857430301,0.5084839310708238
75,0.0728994098145311,0.03744979575276375,0.5206026434898376,0.9816960232406444,0.4747492463175266
76,0.0814516142389266,0.04114891216158867,0.3834685683250427,0.9838558329803101,0.53582656509474
77,0.09043481204069599,0.04534226655960083,0.3994843065738678,0.9759172837632011,0.5204392801797961
78,0.0576169417949278,0.029774155467748642,0.4974272549152374,0.9856337873043859,0.5374389148808151
79,0.06509139855973024,0.027288425713777542,0.41753968596458435,0.988981819592871,0.5542819608026753
80,0.07036085979664677,0.05454922094941139,0.4766026437282562,0.9783323926553065,0.5339731325565455
81,0.055788503877451205,0.02076306939125061,0.36128348112106323,0.9892230310849766,0.554295237089774
82,0.07885301285168526,0.0345604345202446,0.3282720744609833,0.9836317207120759,0.5393150884758986
83,0.07818557088158608,0.03185645863413811,0.4818362593650818,0.9863455541707286,0.5245903196466336
84,0.07247122071831254,0.029227690771222115,0.3494350016117096,0.9842614435372454,0.5121084979893529
85,0.06881576925359321,0.04314057156443596,0.5023992657661438,0.9778380727636445,0.5035077501609803
86,0.05989557414377804,0.02994365058839321,0.3500926196575165,0.9896143136640012,0.5559584616872411
87,0.05894738554246656,0.03681135177612305,0.5834546685218811,0.9760443455278394,0.4263253773176884
88,0.05690926263669995,0.019932648167014122,0.3895750045776367,0.9894836561206783,0.532697656702861
89,0.06560474868989266,0.022672025486826897,0.4708584249019623,0.9854872903658254,0.4957225908147896
90,0.06763190075853684,0.03057160973548889,0.5671054124832153,0.9855981104713806,0.5032121293218339
91,0.05225156284689509,0.038451336324214935,0.491169810295105,0.9832910378054113,0.49799928126764403
92,0.0519495788677156,0.03024853952229023,0.45530301332473755,0.9878567732771772,0.5219207651837712
93,0.0698884618672992,0.038250237703323364,0.5097627639770508,0.9845590179990097,0.5205672712318302
94,0.06832298364936051,0.025812840089201927,0.39885586500167847,0.9881277308789487,0.5347030463630377
95,0.036234077276752714,0.01607741229236126,0.40228888392448425,0.991563000756541,0.5669078496706101
96,0.041802086407611044,0.022623201832175255,0.5143972635269165,0.9856215634579708,0.48007534586254036
97,0.05361691309935489,0.03412270545959473,0.6779470443725586,0.9753261566360922,0.4505740366416441
98,0.05523087128871403,0.01700252667069435,0.3978152573108673,0.9914743572811722,0.5532851535186517
99,0.0472974498015316,0.031987983733415604,0.43659982085227966,0.984237163303456,0.4884143411023418
100,0.06243147304526884,0.029059501364827156,0.4285218417644501,0.9822944225423935,0.4899940024272797
101,0.05853724595264577,0.03271055594086647,0.44958260655403137,0.9881981494027274,0.5190305648246845
102,0.042764524552328216,0.020056668668985367,0.5145351886749268,0.9903241021877465,0.47966766625042956
103,0.05386306932145619,0.02330458164215088,0.3930184245109558,0.9867776587235426,0.4932768415708756
104,0.04615477072013407,0.020494448021054268,0.3867012858390808,0.9867159144946989,0.5210229400082296
105,0.03095743205942666,0.011971278116106987,0.42870038747787476,0.9950782215009937,0.5786398168036089
106,0.05500468548434331,0.02134295552968979,0.5246196985244751,0.9898586330135375,0.4927616363335831
107,0.06094007211571007,0.0221861619502306,0.3695029318332672,0.9915928539275105,0.562009615816858
108,0.045384602062292154,0.014814916998147964,0.35001203417778015,0.9941201418429808,0.5815458497226629
109,0.05930913484112656,0.06738042086362839,0.6294533610343933,0.962683557233291,0.38996963753840597
110,0.06757490425155024,0.01518163364380598,0.40902501344680786,0.9935220187234958,0.5469663490230696
111,0.032545943633035514,0.011441848240792751,0.38284170627593994,0.9929202312034588,0.5527877376804853
112,0.03320884649427322,0.033041924238204956,0.3976377844810486,0.978173571083078,0.4905931510860279
113,0.06312200780879533,0.02725556120276451,0.5005866289138794,0.9874767441862561,0.5128461126600911
114,0.04471528903657926,0.01316924300044775,0.43124157190322876,0.9944069055012733,0.4994140989561073
115,0.05277345437496023,0.013023454695940018,0.4258067309856415,0.9932227230953332,0.5314461483026716
116,0.03682198142492836,0.02251327410340309,0.4883330464363098,0.98969504844855,0.5093093572371851
117,0.04549683716710404,0.021969972178339958,0.4556329548358917,0.99203960979162,0.5177556649339745
118,0.06249030259109124,0.020117010921239853,0.4389196038246155,0.9897900588591371,0.544339301001715
119,0.05262362733214502,0.013606265187263489,0.4382581114768982,0.9910242674498683,0.49899847904115074
120,0.04206769235131974,0.022324586287140846,0.4233924150466919,0.9896674989080327,0.5312165105843244
121,0.05139882686047832,0.03707655891776085,0.6372393369674683,0.9765847174679381,0.4687160582653977
122,0.043833942981957676,0.01529451459646225,0.36533331871032715,0.9939326554055027,0.5853410443973421
123,0.04046006015402792,0.019492166116833687,0.35449162125587463,0.9936390558275645,0.5684652075775972
124,0.03773165792137187,0.011903895065188408,0.3019864559173584,0.9929911665031674,0.6014085773741753
125,0.03206256074551997,0.01896381936967373,0.35822972655296326,0.9898713190777704,0.5589236154632734
126,0.032791938646167286,0.019072508439421654,0.5662972927093506,0.9845570136932222,0.4457284355440116
127,0.051966523300235844,0.016399230808019638,0.37997978925704956,0.9929103051210479,0.5501087642496298
128,0.041346737527206176,0.008927635848522186,0.3142576515674591,0.9966910021627988,0.5932252224505351
129,0.03767266597708556,0.027189699932932854,0.633675217628479,0.9808703499688644,0.46535157169512226
130,0.03325969264778167,0.009484369307756424,0.4000730812549591,0.99681664266034,0.5421981488042695
131,0.030133942188051044,0.01450223010033369,0.4769788980484009,0.9940110819109254,0.5468413661560014
132,0.038584936640359196,0.01160599384456873,0.41905125975608826,0.9950935388109462,0.5464321239995465
133,0.037063785504675185,0.0114244120195508,0.32914865016937256,0.9963268294875289,0.590256152211927
134,0.02258074403333327,0.008153739385306835,0.48668909072875977,0.995745913424245,0.5390173112532868
135,0.05256329895620488,0.013208456337451935,0.39605799317359924,0.9920200450337024,0.5292699169587898
136,0.04473437899774051,0.014810820110142231,0.4732534885406494,0.9925496348310308,0.5167667846773373
137,0.035688838524989205,0.01120467483997345,0.4929374158382416,0.9936876959947817,0.5099038607877505
138,0.03484006507755652,0.012428751215338707,0.411544531583786,0.9946502408673293,0.5432753923353244
139,0.03433659106047216,0.01077017467468977,0.518164336681366,0.994235482050261,0.48112578638883574
140,0.03519728518596845,0.008153759874403477,0.47447556257247925,0.9962152466881676,0.5502712192384764
141,0.02283000476295448,0.009034530259668827,0.5046891570091248,0.9950790136967503,0.5365621128718913
142,0.028863210283638155,0.012029115110635757,0.40903177857398987,0.9947609643360508,0.5590212134585966
143,0.04747255050627065,0.016846654936671257,0.42554572224617004,0.9934002274644588,0.5314800572971036
144,0.05034111555322996,0.03975694254040718,0.575675368309021,0.9836190036077254,0.5096119201339281
