src_label,n_windows,rate_rules,rate_rf,rate_lstm
B0A,3491,0.5158980234889716,0.057576625608708104,0.029504439988541964
B0B,3328,0.5168269230769231,0.09735576923076923,0.04657451923076923
D0X,1433,0.4089323098394976,0.1060711793440335,0.10537334263782275
G07,403,0.34739454094292804,0.19106699751861042,0.13647642679900746
G08,371,0.21024258760107817,0.0646900269541779,0.008086253369272238
G02,354,0.2344632768361582,0.07062146892655367,0.011299435028248588
G09,334,0.1407185628742515,0.059880239520958084,0.008982035928143712
G03,322,0.2484472049689441,0.062111801242236024,0.037267080745341616
G01,315,0.28888888888888886,0.08253968253968254,0.0031746031746031746
G04,299,0.21070234113712374,0.026755852842809364,0.026755852842809364
