feature,class,n,p10,p25,p50,p75,p90
max_vx,none,1663,0.60217924118042,1.0841160416603088,1.9985930919647217,3.2984925508499146,5.22896270751953
max_vx,swipe_left,419,2.658643865585327,3.5916173458099365,5.018313884735107,6.64697003364563,8.50499382019043
max_vx,swipe_right,417,2.9421102523803713,3.699937343597412,4.929803848266602,6.284577369689941,8.512014007568359
max_vx,zoom_in,409,0.5489011526107789,0.8182247877120972,1.20426607131958,1.8413681983947754,3.0786232471466053
max_vx,zoom_out,418,0.46259012520313264,0.7784599512815475,1.154736042022705,2.2286031246185303,3.2437799215316776
|dx|,none,1663,0.017189403250813487,0.060030121356248856,0.17852208018302917,0.5280899405479431,1.122114038467407
|dx|,swipe_left,419,0.08167212903499604,0.3265477865934372,0.8683669567108154,1.3619317412376404,1.9808368921279906
|dx|,swipe_right,417,0.17304654717445375,0.3952212333679199,0.7142331004142761,1.15813148021698,1.5086713314056397
|dx|,zoom_in,409,0.01970958672463894,0.06480864435434341,0.15609633922576904,0.3009015619754791,0.48699653148651123
|dx|,zoom_out,418,0.02072765547782183,0.0697607696056366,0.15125427395105362,0.3408140763640404,0.6694806933403018
|pinch_delta|,none,1663,0.02610423192381859,0.09689444303512573,0.2804397940635681,0.609776109457016,1.0176896333694456
|pinch_delta|,swipe_left,419,0.04077900052070619,0.13525570929050446,0.3297039866447449,0.6316706240177155,0.965549898147583
|pinch_delta|,swipe_right,417,0.06848781406879426,0.23333826661109924,0.5785031318664551,0.9428945779800415,1.2859529018402103
|pinch_delta|,zoom_in,409,0.291835618019104,0.8725482225418091,1.4584887027740479,1.8183866739273071,2.2203371524810787
|pinch_delta|,zoom_out,418,0.471579509973526,0.8668787181377411,1.31381756067276,1.5892557799816132,1.9183187723159791
