true,src_label,predicted,n,max_vx,dx,pinch_delta,pinch_range,open_range
none,B0A,none,3221,3.7746968269348145,0.9779337644577026,-0.008492518216371536,0.5510186553001404,0.40873241424560547
none,B0A,swipe_left,115,5.580539703369141,1.8437244892120361,0.11566275358200073,0.7972847819328308,0.7453247308731079
none,B0A,swipe_right,129,5.510047912597656,1.1759395599365234,0.37766972184181213,1.0550141334533691,0.6148518323898315
none,B0A,zoom_in,16,1.0796653032302856,0.2079605907201767,1.332560658454895,1.3583874702453613,0.2748093903064728
none,B0A,zoom_out,10,2.3202009201049805,0.17373231053352356,-1.3086179494857788,1.586891770362854,0.4839227795600891
none,B0B,none,2839,3.4776408672332764,0.7658522725105286,-0.003999427892267704,0.5323575139045715,0.5172421932220459
none,B0B,swipe_left,283,4.980360507965088,1.5809351205825806,0.1261300891637802,0.5126325488090515,0.48799005150794983
none,B0B,swipe_right,165,5.989937782287598,1.4576070308685303,0.21133553981781006,0.9318788647651672,0.754304826259613
none,B0B,zoom_in,22,1.1922144889831543,0.17366382479667664,1.271545648574829,1.3080167770385742,0.8292998671531677
none,B0B,zoom_out,19,1.0784454345703125,0.24968211352825165,-1.1712965965270996,1.2553386688232422,0.5118010640144348
none,D0X,none,1222,2.774597644805908,0.240217387676239,-0.006027399096637964,0.5514139533042908,0.4781586527824402
none,D0X,swipe_left,113,6.8762359619140625,1.0399924516677856,0.12647250294685364,0.7326910495758057,0.8562857508659363
none,D0X,swipe_right,94,9.660049438476562,1.0517187118530273,0.20218876004219055,0.8896263241767883,1.0985347032546997
none,G01,none,281,0.9742547273635864,0.06515288352966309,0.0,0.6387114524841309,0.3607177436351776
none,G01,swipe_left,10,4.183605670928955,0.6314945220947266,0.45231184363365173,1.0962826013565063,0.4816536009311676
none,G01,swipe_right,13,3.6029067039489746,0.7633896470069885,0.8862272500991821,1.4735329151153564,1.212499976158142
none,G02,none,321,0.9519274830818176,0.06659399718046188,-0.025311196222901344,0.6637145280838013,0.5077688097953796
none,G02,swipe_right,16,4.688309669494629,1.1406340599060059,0.181585431098938,1.2637711763381958,0.9732614159584045
none,G03,none,300,1.5732219219207764,0.10275080800056458,0.01920131966471672,0.7975539565086365,1.0222671031951904
none,G03,swipe_right,10,4.299343109130859,0.6410929560661316,0.5574103593826294,1.0689011812210083,0.8734011650085449
none,G04,none,289,1.6045774221420288,0.15447530150413513,0.0,0.5777519345283508,0.9017746448516846
none,G07,none,322,1.349501371383667,0.07564479112625122,0.01771528273820877,1.3335933685302734,0.6915421485900879
none,G07,swipe_right,17,3.8964905738830566,0.8553774952888489,0.6703730225563049,1.0660438537597656,0.7080557346343994
none,G07,zoom_in,32,1.2308847904205322,0.06203778088092804,1.4332985877990723,2.0184221267700195,0.8297649621963501
none,G07,zoom_out,31,1.446168065071106,0.14180190861225128,-1.4030065536499023,1.8979642391204834,0.9254012107849121
none,G08,none,348,1.2829210758209229,0.064944326877594,0.0,0.7115206122398376,0.40612080693244934
none,G08,swipe_right,14,4.501142978668213,0.5458968877792358,0.5789122581481934,1.1247913837432861,0.9582456350326538
none,G09,none,316,1.1242144107818604,0.04680410027503967,-0.006065144203603268,0.6952413320541382,0.6320415735244751
swipe_left,G05,none,36,3.694406032562256,0.26015254855155945,0.15618649125099182,0.8525053262710571,1.0585278272628784
swipe_left,G05,swipe_left,61,5.078401565551758,0.7993152737617493,0.3189619481563568,0.870836079120636,1.022737741470337
swipe_right,G06,none,35,3.0600430965423584,0.31941521167755127,-0.03739950805902481,1.0767686367034912,0.848538875579834
swipe_right,G06,swipe_right,56,4.972159385681152,0.9146601557731628,0.6494451761245728,1.387007713317871,0.8993147611618042
zoom_in,G10,none,27,1.8297922611236572,0.12874312698841095,0.4071462154388428,1.5309680700302124,0.8186457753181458
zoom_in,G10,zoom_in,44,1.4664398431777954,0.26781678199768066,1.5099132061004639,1.96539306640625,0.6646498441696167
zoom_in,G10,zoom_out,17,3.2037289142608643,0.5738226771354675,-1.735103726387024,1.9137533903121948,0.7066099047660828
zoom_out,G11,none,29,1.5620217323303223,0.1289818435907364,-0.7166173458099365,1.077967882156372,0.5439264178276062
zoom_out,G11,zoom_in,10,1.3774187564849854,0.31000685691833496,1.6313061714172363,1.864750623703003,0.9087396860122681
zoom_out,G11,zoom_out,50,1.3957529067993164,0.2439013123512268,-1.567457675933838,1.897829294204712,0.5631886720657349
