true,src_label,predicted,n
none,B0B,swipe_left,283
none,B0B,swipe_right,165
none,B0A,swipe_right,129
none,B0A,swipe_left,115
none,D0X,swipe_left,113
none,D0X,swipe_right,94
swipe_left,G05,none,36
swipe_right,G06,none,35
none,G07,zoom_in,32
none,G07,zoom_out,31
zoom_out,G11,none,29
zoom_in,G10,none,27
none,B0B,zoom_in,22
none,B0B,zoom_out,19
zoom_in,G10,zoom_out,17
none,G07,swipe_right,17
none,G02,swipe_right,16
none,B0A,zoom_in,16
none,G08,swipe_right,14
none,G01,swipe_right,13
none,G03,swipe_right,10
none,G01,swipe_left,10
none,B0A,zoom_out,10
zoom_out,G11,zoom_in,10
none,G02,zoom_in,9
none,G09,swipe_right,8
none,G01,zoom_in,8
none,G03,swipe_left,7
swipe_left,G05,swipe_right,7
none,G02,swipe_left,6
none,G09,swipe_left,6
zoom_in,G10,swipe_right,6
none,G08,swipe_left,4
none,D0X,zoom_in,4
zoom_out,G11,swipe_right,4
none,G04,swipe_right,3
none,G04,swipe_left,3
none,G04,zoom_out,3
none,G03,zoom_in,3
none,G09,zoom_in,3
none,G01,zoom_out,3
none,G08,zoom_out,3
swipe_right,G06,zoom_out,2
swipe_right,G06,zoom_in,2
none,G02,zoom_out,2
none,G03,zoom_out,2
none,G08,zoom_in,2
swipe_right,G06,swipe_left,1
zoom_out,G11,swipe_left,1
none,G04,zoom_in,1
none,G09,zoom_out,1
none,G07,swipe_left,1
