group,spearman_train,drop_mean,drop_std,left_right_swaps
(không xáo),nan,0.0,0.0,8.0
dx + mean_vx,0.9659837112395545,0.03132455361090899,0.005143892539279316,48.3
open_delta + open_trend,0.944343781942799,0.011202696265893786,0.004716857471796919,11.5
pinch_delta + pinch_range,0.1412242038948933,0.14877815819310997,0.003868254670615841,11.4
dx,nan,-0.008158481545874601,0.005747667957208323,21.3
mean_vx,nan,-0.0007955919926525168,0.004211675548371784,13.0
open_delta,nan,-0.007928374463861066,0.0034125380307062246,8.8
open_trend,nan,-0.001375630674538375,0.007511994025710568,9.8
pinch_delta,nan,0.057428296610124316,0.012318106425428688,7.9
pinch_range,nan,0.1272235897573089,0.00577421477201653,12.8
max_vx,nan,0.047743154173307115,0.0038209990554702628,8.9
