clip_id,subject,official_split,n_frames,detection_rate,n_segments,label_frame_space,n_dropped_frames,length_mismatch
1CM1_1_R__217,1CM1_1,test,3983,0.6670851117248305,26,decoded,4,True
1CM1_1_R__218,1CM1_1,test,3773,0.7179962894248608,26,decoded,11,True
1CM1_1_R__219,1CM1_1,test,3921,0.7097679163478704,26,container,0,False
1CM1_1_R__220,1CM1_1,test,3889,0.7120082283363333,26,container,0,False
1CM1_2_R__221,1CM1_2,test,3795,0.8337285902503294,43,decoded,1,True
1CM1_2_R__222,1CM1_2,test,3674,0.6431682090364725,43,decoded,2,True
1CM1_2_R__223,1CM1_2,test,4012,0.7098703888334995,43,container,0,True
1CM1_2_R__224,1CM1_2,test,3842,0.7066631962519521,43,decoded,1,True
1CM1_3_R__225,1CM1_3,test,4260,0.9417840375586854,28,container,0,False
1CM1_3_R__226,1CM1_3,test,4786,0.8629335562055996,26,container,9,False
1CM1_3_R__227,1CM1_3,test,5055,0.8983184965380812,25,container,0,True
1CM1_3_R__228,1CM1_3,test,4189,0.8959178801623299,26,decoded,1,True
1CM1_4_R__229,1CM1_4,train,3751,0.7483337776592909,26,decoded,46,False
1CM1_4_R__230,1CM1_4,train,3684,0.8075461454940283,26,decoded,45,False
1CM1_4_R__231,1CM1_4,train,3747,0.6458500133440085,26,decoded,45,False
1CM1_4_R__232,1CM1_4,train,3858,0.7459823742871955,26,decoded,45,False
1CM42_11_R__205,1CM42_11,train,3686,0.9449267498643517,25,container,0,False
1CM42_11_R__206,1CM42_11,train,4682,0.8951302862024776,26,container,0,False
1CM42_11_R__207,1CM42_11,train,3688,0.9831887201735358,25,container,0,True
1CM42_11_R__208,1CM42_11,train,3664,0.9959061135371179,25,container,0,False
1CM42_12_R__157,1CM42_12,train,4287,0.8294844879869373,25,container,0,False
1CM42_12_R__158,1CM42_12,train,4476,0.9307417336907954,26,container,0,False
1CM42_12_R__159,1CM42_12,train,4382,0.9208124144226381,26,container,1,False
1CM42_12_R__160,1CM42_12,train,4434,0.9215155615696887,26,container,0,False
1CM42_13_R__141,1CM42_13,train,3693,0.8881668020579475,26,decoded,3,True
1CM42_13_R__142,1CM42_13,train,3747,0.8791032826261009,26,container,0,False
1CM42_13_R__143,1CM42_13,train,3786,0.9112519809825673,26,container,0,False
1CM42_13_R__144,1CM42_13,train,3859,0.9354755117906194,26,container,0,False
1CM42_15_R__197,1CM42_15,test,4121,0.6690123756369813,26,container,3,False
1CM42_15_R__198,1CM42_15,test,4459,0.6994841892801077,26,container,6,False
1CM42_15_R__199,1CM42_15,test,4230,0.7635933806146572,26,container,13,False
1CM42_15_R__200,1CM42_15,test,4569,0.8098052090172905,26,container,14,False
1CM42_17_R__189,1CM42_17,train,3616,0.8766592920353983,26,container,0,False
1CM42_17_R__190,1CM42_17,train,3601,0.8500416550958068,26,container,0,False
1CM42_17_R__191,1CM42_17,train,3608,0.7893569844789357,26,container,0,False
1CM42_17_R__192,1CM42_17,train,3613,0.8610572931082203,26,container,0,False
1CM42_18_R__177,1CM42_18,train,3675,0.8653061224489796,25,container,0,False
1CM42_18_R__178,1CM42_18,train,3665,0.835743519781719,25,container,0,False
1CM42_18_R__179,1CM42_18,train,3686,0.8355941399891481,25,container,0,False
1CM42_18_R__180,1CM42_18,train,3618,0.8402432283029297,26,container,0,False
1CM42_21_R__153,1CM42_21,train,4167,0.8310535157187425,26,container,21,False
1CM42_21_R__154,1CM42_21,train,4533,0.8045444517979263,26,container,10,False
1CM42_21_R__155,1CM42_21,train,4704,0.7954931972789115,26,container,5,False
1CM42_21_R__156,1CM42_21,train,4229,0.7585717663750295,26,container,12,False
1CM42_26_R__173,1CM42_26,train,3833,0.8322462822854161,26,container,3,False
1CM42_26_R__174,1CM42_26,train,3651,0.7885510818953712,26,container,4,False
1CM42_26_R__175,1CM42_26,train,3808,0.8374474789915967,26,container,3,False
1CM42_26_R__176,1CM42_26,train,3742,0.8177445216461785,26,container,1,False
1CM42_30_R__145,1CM42_30,test,3760,0.9643617021276596,26,container,0,False
1CM42_30_R__146,1CM42_30,test,3754,0.9533830580713906,25,container,0,False
1CM42_30_R__147,1CM42_30,test,3691,0.9796803034408019,25,container,0,False
1CM42_30_R__148,1CM42_30,test,3672,0.9722222222222222,25,container,0,False
1CM42_31_R__129,1CM42_31,test,4043,0.9379173880781598,26,container,0,False
1CM42_31_R__130,1CM42_31,test,4464,0.9870071684587813,26,container,1,False
1CM42_31_R__131,1CM42_31,test,4225,0.983905325443787,26,container,1,False
1CM42_31_R__132,1CM42_31,test,4411,0.9809566991611879,26,container,1,False
1CM42_32_R__169,1CM42_32,train,4765,0.6814270724029381,26,container,0,False
1CM42_32_R__170,1CM42_32,train,4542,0.8370761778952004,26,container,1,False
1CM42_32_R__171,1CM42_32,train,4241,0.8172600801697713,26,container,1,False
1CM42_32_R__172,1CM42_32,train,4510,0.770509977827051,26,container,1,False
1CM42_3_R__193,1CM42_3,train,4077,0.9563404464066716,26,container,10,False
1CM42_3_R__194,1CM42_3,train,3967,0.965969246281825,26,container,9,False
1CM42_3_R__195,1CM42_3,train,4231,0.9650200898132829,26,decoded,3,True
1CM42_3_R__196,1CM42_3,train,3924,0.9653414882772681,26,container,3,False
1CM42_4_R__185,1CM42_4,train,3636,0.9862486248624862,25,container,0,False
1CM42_4_R__186,1CM42_4,train,3613,0.9903127594796568,26,container,0,False
1CM42_4_R__187,1CM42_4,train,3770,0.9689655172413794,26,container,0,False
1CM42_4_R__188,1CM42_4,train,3649,0.9649218964099754,25,container,0,False
1CM42_6_R__161,1CM42_6,train,4075,0.56,26,container,1,False
1CM42_6_R__162,1CM42_6,train,4026,0.45876800794833583,26,container,0,False
1CM42_6_R__163,1CM42_6,train,3866,0.42240041386445937,26,container,0,False
1CM42_6_R__164,1CM42_6,train,4444,0.40504050405040504,26,container,0,False
1CM42_7_L__201,1CM42_7,train,4276,0.6520112254443405,26,container,15,False
1CM42_7_L__202,1CM42_7,train,4002,0.5677161419290355,26,container,12,False
1CM42_7_L__203,1CM42_7,train,3873,0.5455719080815905,26,container,9,False
1CM42_7_L__204,1CM42_7,train,3846,0.5569422776911076,26,container,0,False
1CM42_9_R__165,1CM42_9,train,3986,0.9731560461615655,26,container,2,False
1CM42_9_R__166,1CM42_9,train,3710,0.9981132075471698,26,container,0,False
1CM42_9_R__167,1CM42_9,train,3792,0.9815400843881856,26,container,0,False
1CM42_9_R__168,1CM42_9,train,3988,0.922517552657974,26,container,0,False
1CV12_12_R__89,1CV12_12,test,4394,0.6873008648156577,26,container,1,False
1CV12_12_R__90,1CV12_12,test,4721,0.7864859140012709,26,container,2,False
1CV12_12_R__91,1CV12_12,test,4464,0.6691308243727598,26,container,1,False
1CV12_12_R__92,1CV12_12,test,4770,0.69916142557652,26,container,2,False
1CV12_13_R__93,1CV12_13,train,4523,0.8830422286093301,26,container,0,False
1CV12_13_R__94,1CV12_13,train,4595,0.6504896626768226,26,container,1,False
1CV12_13_R__95,1CV12_13,train,4066,0.6969995081160846,26,container,0,False
1CV12_13_R__96,1CV12_13,train,4556,0.6617647058823529,26,container,0,False
1CV12_15_R__101,1CV12_15,test,3621,0.9944766639049987,42,container,2,False
1CV12_15_R__102,1CV12_15,test,3743,0.995458188618755,43,container,0,False
1CV12_15_R__103,1CV12_15,test,3632,0.977147577092511,43,container,2,False
1CV12_15_R__104,1CV12_15,test,4045,0.9681087762669963,43,container,2,False
1CV12_16_R__105,1CV12_16,train,4208,0.844819391634981,26,container,3,False
1CV12_16_R__106,1CV12_16,train,4014,0.8716990533134031,26,container,0,False
1CV12_16_R__107,1CV12_16,train,4475,0.9121787709497207,26,container,1,False
1CV12_16_R__108,1CV12_16,train,4648,0.9438468158347676,26,container,1,False
1CV12_1_R__65,1CV12_1,train,4205,0.771462544589774,26,container,1,False
1CV12_1_R__66,1CV12_1,train,4150,0.9074698795180723,26,container,0,False
1CV12_1_R__67,1CV12_1,train,4121,0.813637466634312,26,container,0,False
1CV12_1_R__68,1CV12_1,train,4242,0.7225365393682225,26,container,0,False
1CV12_21_R__109,1CV12_21,test,4773,0.7596899224806202,26,container,3,False
1CV12_21_R__110,1CV12_21,test,4491,0.7655310621242485,25,container,0,False
1CV12_21_R__111,1CV12_21,test,4684,0.8689154568744663,25,container,0,False
1CV12_21_R__112,1CV12_21,test,4852,0.7741137675185491,26,container,1,False
1CV12_22_R__113,1CV12_22,train,3745,0.732977303070761,26,container,15,False
1CV12_22_R__114,1CV12_22,train,4038,0.7389796929172858,26,container,17,False
1CV12_22_R__115,1CV12_22,train,4397,0.7718899249488288,26,container,48,False
1CV12_22_R__116,1CV12_22,train,4022,0.7640477374440576,26,container,26,False
1CV12_23_R__117,1CV12_23,train,3655,0.8276333789329685,25,container,2,False
1CV12_23_R__118,1CV12_23,train,3718,0.8370091447014524,25,container,3,False
1CV12_23_R__119,1CV12_23,train,3746,0.8406300053390283,25,container,2,False
1CV12_23_R__120,1CV12_23,train,3748,0.8191035218783351,25,container,0,False
1CV12_2_R__69,1CV12_2,train,3950,0.9617721518987342,26,container,0,False
1CV12_2_R__70,1CV12_2,train,3855,0.949935149156939,26,container,1,False
1CV12_2_R__71,1CV12_2,train,4011,0.93742208925455,26,container,0,False
1CV12_2_R__72,1CV12_2,train,4029,0.951849094068007,26,container,0,False
1CV12_6_R__77,1CV12_6,train,3641,0.8917879703378193,26,container,0,False
1CV12_6_R__78,1CV12_6,train,3929,0.9404428607788241,26,container,2,False
1CV12_6_R__79,1CV12_6,train,3827,0.8986151032140057,26,container,0,False
1CV12_6_R__80,1CV12_6,train,3905,0.925224071702945,26,container,0,False
1CV12_7_R__81,1CV12_7,train,3672,0.7418300653594772,26,container,1,False
1CV12_7_R__82,1CV12_7,train,3637,0.701402254605444,26,container,0,False
1CV12_7_R__83,1CV12_7,train,3689,0.6766061263214963,26,container,1,False
1CV12_7_R__84,1CV12_7,train,3930,0.76793893129771,26,container,1,False
1CV12_8_R__85,1CV12_8,train,4144,0.5733590733590733,43,container,2,False
1CV12_8_R__86,1CV12_8,train,4624,0.5207612456747405,43,container,0,False
1CV12_8_R__87,1CV12_8,train,4510,0.5223946784922394,43,container,0,False
1CV12_8_R__88,1CV12_8,train,3853,0.49779392681027773,43,container,3,False
4CM11_10_R__53,4CM11_10,train,3677,0.7443568126189829,26,container,0,False
4CM11_10_R__54,4CM11_10,train,3725,0.7312751677852349,26,container,4,False
4CM11_10_R__55,4CM11_10,train,3713,0.6722326959332077,26,container,0,False
4CM11_10_R__56,4CM11_10,train,3695,0.7320703653585927,26,container,0,False
4CM11_11_R__1,4CM11_11,train,4484,0.41458519179304193,43,container,0,False
4CM11_11_R__2,4CM11_11,train,4709,0.43746018262900827,43,container,0,False
4CM11_11_R__3,4CM11_11,train,3664,0.7068777292576419,43,container,0,False
4CM11_11_R__4,4CM11_11,train,4359,0.64762560220234,43,container,7,False
4CM11_13_R__29,4CM11_13,test,3840,0.9794270833333333,40,container,1,False
4CM11_13_R__30,4CM11_13,test,3953,0.9873513786997218,43,container,0,False
4CM11_13_R__31,4CM11_13,test,3944,0.9637423935091278,42,container,1,False
4CM11_13_R__32,4CM11_13,test,3879,0.9837587006960556,43,container,2,False
4CM11_14_R__21,4CM11_14,train,3731,0.6022514071294559,26,container,1,False
4CM11_14_R__22,4CM11_14,train,3735,0.6653279785809906,26,container,1,False
4CM11_14_R__23,4CM11_14,train,3747,0.7045636509207366,26,container,0,False
4CM11_14_R__24,4CM11_14,train,3721,0.6447191615157216,26,container,2,False
4CM11_15_R__25,4CM11_15,train,3720,0.7674731182795699,26,container,2,False
4CM11_15_R__26,4CM11_15,train,3936,0.8076727642276422,26,container,1,False
4CM11_15_R__27,4CM11_15,train,3892,0.8864337101747174,26,container,0,False
4CM11_15_R__28,4CM11_15,train,3962,0.8874305906108026,26,container,4,False
4CM11_16_R__209,4CM11_16,train,3679,0.5180755640119598,26,container,1,False
4CM11_16_R__210,4CM11_16,train,3659,0.4667942060672315,26,container,0,False
4CM11_16_R__211,4CM11_16,train,3751,0.5003998933617702,26,container,6,False
4CM11_16_R__212,4CM11_16,train,3662,0.5977607864554888,26,container,5,False
4CM11_17_R__13,4CM11_17,train,4905,0.9514780835881753,25,container,0,False
4CM11_17_R__14,4CM11_17,train,4552,0.9250878734622144,25,container,0,False
4CM11_17_R__15,4CM11_17,train,4492,0.9648263579697239,26,container,0,False
4CM11_17_R__16,4CM11_17,train,4762,0.9498110037799244,26,container,0,False
4CM11_18_R__45,4CM11_18,test,3663,0.8564018564018564,26,container,1,False
4CM11_18_R__46,4CM11_18,test,3736,0.8988222698072805,26,container,3,False
4CM11_18_R__47,4CM11_18,test,3690,0.8712737127371274,26,container,1,False
4CM11_18_R__48,4CM11_18,test,3697,0.9285907492561536,26,container,0,False
4CM11_19_R__17,4CM11_19,train,3819,0.7185126996595967,26,container,4,False
4CM11_19_R__18,4CM11_19,train,3744,0.6949786324786325,26,container,12,False
4CM11_19_R__19,4CM11_19,train,3672,0.6911764705882353,26,container,12,False
4CM11_19_R__20,4CM11_19,train,3712,0.6578663793103449,26,container,6,False
4CM11_1_R__13,4CM11_1,train,3969,0.9669942050894432,26,container,0,False
4CM11_1_R__14,4CM11_1,train,4046,0.9468610973801285,26,container,0,False
4CM11_1_R__15,4CM11_1,train,3935,0.956289707750953,26,container,0,False
4CM11_1_R__16,4CM11_1,train,4209,0.9686386315039202,26,container,0,False
4CM11_20_R__41,4CM11_20,test,3746,0.9428723972237053,26,container,0,False
4CM11_20_R__42,4CM11_20,test,3743,0.9815655890996526,26,container,0,False
4CM11_20_R__43,4CM11_20,test,4005,0.9810237203495631,26,container,0,False
4CM11_20_R__44,4CM11_20,test,4120,0.9376213592233009,26,container,0,False
4CM11_23_R__25,4CM11_23,train,3719,0.8322129604732454,42,container,0,False
4CM11_23_R__26,4CM11_23,train,3693,0.8808556728946656,43,container,6,False
4CM11_23_R__27,4CM11_23,train,3655,0.9020519835841313,41,container,6,False
4CM11_23_R__28,4CM11_23,train,3749,0.6956521739130435,43,container,6,False
4CM11_24_L__61,4CM11_24,test,4026,0.9302036761053154,43,container,0,False
4CM11_24_L__62,4CM11_24,test,3748,0.9490394877267876,38,container,3,False
4CM11_24_L__63,4CM11_24,test,4000,0.92875,43,container,0,False
4CM11_24_L__64,4CM11_24,test,3920,0.9216836734693877,43,container,0,False
4CM11_26_R__5,4CM11_26,train,3789,0.48614410134600156,26,container,0,False
4CM11_26_R__6,4CM11_26,train,3862,0.5538581046090109,26,container,1,False
4CM11_26_R__7,4CM11_26,train,3798,0.510531858873091,26,container,0,False
4CM11_26_R__8,4CM11_26,train,3965,0.4786885245901639,26,container,0,False
4CM11_29_R__57,4CM11_29,train,3974,0.8168092601912431,27,container,1,False
4CM11_29_R__58,4CM11_29,train,3916,0.7553626149131767,31,container,0,False
4CM11_29_R__59,4CM11_29,train,3853,0.7453932001038152,26,container,0,False
4CM11_29_R__60,4CM11_29,train,3896,0.8121149897330595,26,container,1,False
4CM11_2_R__37,4CM11_2,train,4047,0.8962194217939214,26,container,0,False
4CM11_2_R__38,4CM11_2,train,4081,0.8262680715510904,26,container,0,False
4CM11_2_R__39,4CM11_2,train,3968,0.8467741935483871,26,container,1,False
4CM11_2_R__40,4CM11_2,train,3921,0.8370313695485846,26,container,3,False
4CM11_5_L__10,4CM11_5,train,3765,0.4860557768924303,25,container,0,False
4CM11_5_L__11,4CM11_5,train,3706,0.8650836481381543,26,container,0,False
4CM11_5_L__12,4CM11_5,train,3724,0.9374328678839957,26,container,0,False
4CM11_5_L__9,4CM11_5,train,3712,0.8957435344827587,26,container,0,False
4CM11_7_R__33,4CM11_7,train,3780,0.825925925925926,26,container,0,False
4CM11_7_R__34,4CM11_7,train,4197,0.8341672623302359,26,container,2,False
4CM11_7_R__35,4CM11_7,train,4149,0.6425644733670764,26,container,2,False
4CM11_7_R__36,4CM11_7,train,3993,0.7302779864763336,26,container,1,False
