subject,n_segments,none,swipe_left,swipe_right,zoom_in,zoom_out
1CM1_1,52,44,2,2,2,2
1CM1_3,54,46,2,2,2,2
1CM1_4,104,88,4,4,4,4
1CM42_11,76,64,3,3,3,3
1CM42_12,103,87,4,4,4,4
1CM42_13,78,66,3,3,3,3
1CM42_15,104,88,4,4,4,4
1CM42_17,104,88,4,4,4,4
1CM42_18,101,85,4,4,4,4
1CM42_21,104,88,4,4,4,4
1CM42_26,104,88,4,4,4,4
1CM42_3,78,66,3,3,3,3
1CM42_30,101,85,4,4,4,4
1CM42_31,104,88,4,4,4,4
1CM42_32,104,88,4,4,4,4
1CM42_4,102,86,4,4,4,4
1CM42_6,104,88,4,4,4,4
1CM42_7,104,88,4,4,4,4
1CM42_9,104,88,4,4,4,4
1CV12_1,104,88,4,4,4,4
1CV12_12,104,88,4,4,4,4
1CV12_13,104,88,4,4,4,4
1CV12_15,171,155,4,4,4,4
1CV12_16,104,88,4,4,4,4
1CV12_2,104,88,4,4,4,4
1CV12_21,102,86,4,4,4,4
1CV12_22,104,88,4,4,4,4
1CV12_23,100,84,4,4,4,4
1CV12_6,104,88,4,4,4,4
1CV12_7,104,88,4,4,4,4
1CV12_8,172,156,4,4,4,4
4CM11_1,104,88,4,4,4,4
4CM11_10,104,88,4,4,4,4
4CM11_11,172,156,4,4,4,4
4CM11_13,168,152,4,4,4,4
4CM11_14,104,88,4,4,4,4
4CM11_15,104,88,4,4,4,4
4CM11_16,104,88,4,4,4,4
4CM11_17,102,86,4,4,4,4
4CM11_18,104,88,4,4,4,4
4CM11_19,104,88,4,4,4,4
4CM11_2,104,88,4,4,4,4
4CM11_20,104,88,4,4,4,4
4CM11_23,169,153,4,4,4,4
4CM11_24,167,151,4,4,4,4
4CM11_26,104,88,4,4,4,4
4CM11_29,110,94,4,4,4,4
4CM11_5,103,87,4,4,4,4
4CM11_7,104,88,4,4,4,4
