group,n,open_p10,open_p25,open_p50,open_p75,pinch_p50
vuốt thật,200,0.5225535452365875,0.6601932346820831,0.9290730357170105,1.249840408563614,1.0785744190216064
"vuốt thật, shape_0",200,0.044862118735909465,0.05374629143625498,0.06273144856095314,0.07063309103250504,0.08446773886680603
"vuốt thật, shape_25",200,0.1414787009358406,0.19106082618236542,0.2585707753896713,0.36732424795627594,0.2903892993927002
"vuốt thật, shape_50",200,0.23228953778743744,0.2952165752649307,0.41348952054977417,0.5768717676401138,0.5316416025161743
"vuốt thật, shape_75",200,0.3001176089048386,0.4469912350177765,0.638632208108902,0.8292227983474731,0.8236821889877319
"vuốt thật, rigid_open",200,0.03795537166297436,0.046532776206731796,0.058780452236533165,0.07151419296860695,0.07677840441465378
"none B0A, chuyển động như vuốt",1566,0.22722338885068893,0.3597581163048744,0.6084828078746796,0.9533618986606598,0.7338244915008545
"none B0B, chuyển động như vuốt",1459,0.3321516394615173,0.5025843977928162,0.7624551653862,1.136119306087494,0.7206066250801086
"none D0X, chuyển động như vuốt",531,0.4716915190219879,0.6644353568553925,0.9758025407791138,1.441192626953125,0.7461231350898743
"none G01, chuyển động như vuốt",35,0.269461989402771,0.3931799679994583,0.6938790678977966,0.8747878074645996,0.7667827010154724
"none G02, chuyển động như vuốt",36,0.20210610330104828,0.371571846306324,0.6494463980197906,1.3908043801784515,1.002155065536499
"none G03, chuyển động như vuốt",21,0.5638747811317444,0.9575911164283752,1.3829795122146606,2.162774085998535,0.8299433588981628
"none G04, chuyển động như vuốt",33,0.5753138899803162,1.1543967723846436,1.540954828262329,2.0023369789123535,1.0143482685089111
"none G07, chuyển động như vuốt",16,0.3595181554555893,0.5263127461075783,1.1033412218093872,1.6060649156570435,1.070738673210144
"none G08, chuyển động như vuốt",34,0.26607824563980104,0.320685051381588,0.7688752114772797,0.919099971652031,0.7453069090843201
"none G09, chuyển động như vuốt",19,0.3449768304824829,0.5547997951507568,0.8333738446235657,1.4788303971290588,0.604220986366272
