class,model,n_events,hit_1,hit_2,any_opposite
swipe_left,rules,27,0.6666666666666666,0.5925925925925926,0.037037037037037035
swipe_right,rules,27,0.5925925925925926,0.4444444444444444,0.2222222222222222
zoom_in,rules,27,0.7037037037037037,0.6296296296296297,0.18518518518518517
zoom_out,rules,25,0.76,0.68,0.16
swipe_left,rf,27,0.7037037037037037,0.5555555555555556,0.1111111111111111
swipe_right,rf,27,0.7037037037037037,0.6296296296296297,0.037037037037037035
zoom_in,rf,27,0.5925925925925926,0.4444444444444444,0.2222222222222222
zoom_out,rf,25,0.56,0.52,0.12
swipe_left,lstm,27,0.8888888888888888,0.8518518518518519,0.0
swipe_right,lstm,27,0.8888888888888888,0.7037037037037037,0.14814814814814814
zoom_in,lstm,27,0.6666666666666666,0.5925925925925926,0.2962962962962963
zoom_out,lstm,25,0.76,0.72,0.2
