feature,predicted_important,impurity,impurity_rank,perm_mean,perm_std,perm_rank
pinch_range,False,0.13768380065335142,2,0.13497745883412682,0.009690469647631733,1
pinch_delta,True,0.14537156616423266,1,0.05248191625733365,0.013658229221917076,2
max_vx,True,0.12834520068593674,3,0.040905066519305464,0.006646494107283896,3
open_range,False,0.05899406381957776,6,0.022698955496415353,0.00665747598562121,4
max_vy,False,0.04802890267137769,8,0.021523748721507835,0.0035983173821306598,5
open_start,False,0.04666357467191394,9,0.008357306938387082,0.00335114186013545,6
dy,False,0.0365342941335163,13,0.006155673221568125,0.002719261723825555,7
straightness,False,0.029404251108819904,14,0.005475799483196669,0.001872430180408716,8
open_end,False,0.04368156946537794,11,0.00333821765016426,0.004270945614010768,9
open_trend,False,0.055511470716587186,7,0.0014519196610980056,0.008336411913571963,10
presence,False,0.002357106168345347,15,0.0007859972142336801,0.0007112841915670203,11
mean_vx,False,0.08844655109333178,5,-0.004382812599473878,0.004022969037939632,12
dx,True,0.09197243314817238,4,-0.006884615192144406,0.006801179383489095,13
horiz_ratio,False,0.04075777348234695,12,-0.0074373463891719395,0.003174908577958685,14
open_delta,False,0.046247442017111944,10,-0.008736891249349576,0.002084459096581308,15
