ts,label,confidence,presence,pinch_delta,dx,max_vx,open_range
0.209,-,,,,,,
0.421,-,,,,,,
0.622,-,,,,,,
0.816,-,,,,,,
1.027,-,,,,,,
1.216,-,,,,,,
1.433,-,,,,,,
1.620,-,,,,,,
1.838,-,,,,,,
2.011,-,,,,,,
2.208,-,,,,,,
2.400,-,,,,,,
2.608,-,,,,,,
2.843,-,,,,,,
3.001,-,,,,,,
3.203,-,,,,,,
3.417,-,,,,,,
3.601,-,,,,,,
3.814,-,,,,,,
4.033,-,,,,,,
4.208,-,,,,,,
4.433,swipe_left,0.383,1.000,1.5046584606170654,0.7045887112617493,3.6621010303497314,1.2499743700027466
4.612,swipe_left,0.573,1.000,1.025295376777649,0.45283615589141846,3.731660842895508,1.0333129167556763
4.817,swipe_left,0.633,1.000,0.7451269030570984,0.34652331471443176,3.476872444152832,1.0397417545318604
5.020,none,0.867,1.000,0.18209177255630493,0.2362925410270691,2.5822975635528564,0.255912721157074
5.216,none,0.983,1.000,0.07382508367300034,0.01398957334458828,0.24181480705738068,0.03833937644958496
5.409,none,0.970,1.000,0.05417585372924805,0.02630847506225109,0.16849267482757568,0.02726057730615139
5.616,none,0.960,1.000,0.018223324790596962,0.029396966099739075,0.15507733821868896,0.02193078212440014
5.829,none,0.993,1.000,-0.016326947137713432,0.017383983358740807,0.32514891028404236,0.0468839630484581
6.016,none,0.900,1.000,-0.18881724774837494,-0.11752213537693024,1.1993498802185059,0.8260486721992493
6.224,none,0.563,1.000,0.2566318213939667,-0.3407629132270813,2.4387006759643555,0.9186573624610901
6.419,none,0.517,1.000,0.2392023652791977,-0.5571243762969971,2.464268922805786,0.9513080716133118
6.624,none,0.500,1.000,0.2414587140083313,-0.5928777456283569,2.4163060188293457,0.9177964925765991
6.818,none,0.620,1.000,0.2532839775085449,-0.6193638443946838,2.2185394763946533,0.7561577558517456
7.024,swipe_right,0.600,1.000,0.48442375659942627,-0.5246907472610474,2.581209421157837,0.9743353128433228
7.204,none,0.943,1.000,0.01848687417805195,-0.27899491786956787,2.1885740756988525,0.11111142486333847
7.424,none,0.780,1.000,-0.07210072875022888,0.17416907846927643,3.3534388542175293,0.3725042939186096
7.648,none,0.733,1.000,-0.39114701747894287,0.2187633216381073,3.8781802654266357,0.4232540726661682
7.824,swipe_left,0.547,1.000,-0.34688207507133484,0.5830870866775513,4.210727214813232,0.4940062463283539
8.000,none,0.563,1.000,-0.35550180077552795,0.6051220893859863,4.233932971954346,0.43891045451164246
8.227,swipe_left,0.567,1.000,-0.3625326454639435,0.5783947110176086,4.222249984741211,0.5101932287216187
8.407,none,0.643,1.000,-0.30538585782051086,0.3785803020000458,3.7140023708343506,0.4343317747116089
8.614,none,0.767,1.000,0.05742262676358223,0.30369988083839417,3.8460371494293213,0.3278462886810303
8.832,none,0.997,1.000,-0.023078173398971558,-0.025304635986685753,1.144679307937622,0.14922204613685608
9.005,none,0.950,1.000,-0.14016972482204437,0.050984930247068405,1.5001384019851685,0.6503973603248596
9.200,swipe_right,0.447,1.000,0.3262515664100647,-0.2514953911304474,3.568293571472168,0.7426934242248535
9.408,swipe_right,0.673,1.000,0.26604995131492615,-0.4368419349193573,3.1863210201263428,0.7854650020599365
9.633,swipe_right,0.550,1.000,0.2581647038459778,-0.5194566249847412,2.536123275756836,0.7474535703659058
9.807,swipe_right,0.697,1.000,0.4089350402355194,-0.5370141267776489,3.1432864665985107,0.791303813457489
10.033,swipe_right,0.547,1.000,0.16324391961097717,-0.31950798630714417,3.481093645095825,0.8738608956336975
10.219,none,0.483,1.000,-0.29853710532188416,0.17000573873519897,3.1374099254608154,0.7609090805053711
10.416,swipe_left,0.527,1.000,-0.2486758679151535,0.4381557106971741,2.713557004928589,0.678928792476654
10.607,none,0.637,1.000,-0.2525421380996704,0.5288511514663696,2.2477450370788574,0.5535333156585693
10.816,none,0.490,1.000,-0.2596435546875,0.5679330825805664,2.5437979698181152,0.5966018438339233
11.009,none,0.693,1.000,-0.010179457254707813,0.27138417959213257,2.2820253372192383,0.5251020789146423
11.216,none,0.873,1.000,0.19598563015460968,0.22000262141227722,2.218785047531128,0.5156940817832947
11.413,none,0.907,1.000,-0.3276120126247406,-0.09885794669389725,1.7617422342300415,0.9850906729698181
11.615,none,0.500,1.000,0.29269862174987793,-0.2833441197872162,3.207881212234497,0.6230040192604065
11.823,swipe_right,0.463,1.000,0.37113139033317566,-0.6096275448799133,2.608539342880249,0.7150040864944458
12.007,swipe_right,0.670,1.000,0.3242183029651642,-0.6390179395675659,3.101748466491699,0.6270840764045715
12.223,swipe_right,0.520,1.000,0.3004171848297119,-0.6254300475120544,2.6727800369262695,0.6894673705101013
12.432,swipe_right,0.883,1.000,0.6720069050788879,-0.6000746488571167,4.504105091094971,1.0568463802337646
12.607,none,0.707,1.000,-0.4816030263900757,-0.17719317972660065,3.0308330059051514,0.47486966848373413
12.833,none,0.860,1.000,-0.3035053014755249,0.24009586870670319,2.003739595413208,0.47281354665756226
13.009,none,0.640,1.000,-0.2732575237751007,0.3617154657840729,2.6172380447387695,0.4444315731525421
13.200,none,0.557,1.000,-0.25678750872612,0.40181875228881836,2.651017665863037,0.4777950644493103
13.408,none,0.593,1.000,-0.26731163263320923,0.397366464138031,2.6634297370910645,0.45492634177207947
13.616,none,0.617,1.000,0.15539652109146118,0.2572350800037384,2.7252821922302246,0.4172295331954956
13.810,none,0.887,1.000,0.03470942750573158,0.214235320687294,2.763157844543457,0.13368748128414154
14.016,none,0.977,1.000,-0.024342281743884087,0.06225047633051872,0.24486957490444183,0.03300582244992256
14.225,none,0.883,1.000,-0.2616400420665741,-0.1240444928407669,1.9578557014465332,0.8343281745910645
14.415,none,0.450,1.000,-0.06782860308885574,-0.23083609342575073,4.298653602600098,0.9280953407287598
14.624,swipe_right,0.610,1.000,0.2421158403158188,-0.5555554628372192,4.332334518432617,0.8532018065452576
14.815,swipe_right,0.600,1.000,0.24607090651988983,-0.522504448890686,3.857581377029419,0.6537266373634338
15.024,swipe_right,0.533,1.000,0.2717171609401703,-0.5168920755386353,3.6194825172424316,0.5458922386169434
15.231,swipe_right,0.630,1.000,0.49998995661735535,-0.3937681019306183,4.846869945526123,1.034020185470581
15.400,none,0.750,1.000,-0.1766812801361084,0.012003050185739994,5.109314441680908,0.4040996730327606
15.616,none,0.533,1.000,-0.28641578555107117,0.3267187178134918,3.8719213008880615,0.5113430619239807
15.808,none,0.517,1.000,-0.2594532072544098,0.5009478330612183,4.094332695007324,0.41669780015945435
16.016,none,0.517,1.000,-0.2899952828884125,0.49002403020858765,3.575577735900879,0.43135783076286316
16.209,none,0.497,1.000,-0.24825803935527802,0.5222393870353699,4.352996349334717,0.4451613128185272
16.400,none,0.570,1.000,-0.0804130882024765,0.2959606647491455,3.8523898124694824,0.4648301899433136
16.601,none,0.813,1.000,0.10188139230012894,0.26856163144111633,3.6822457313537598,0.22094027698040009
16.801,none,0.987,1.000,0.0038658904377371073,-0.002520674606785178,0.1258840709924698,0.03126583620905876
17.009,none,0.993,1.000,0.009910831227898598,-0.017862560227513313,0.25595542788505554,0.013513973914086819
17.216,none,0.977,1.000,-0.13598667085170746,-0.06523852795362473,0.7669784426689148,0.15387935936450958
17.411,none,0.960,1.000,-0.30443358421325684,-0.21072529256343842,0.9301647543907166,0.2907637357711792
17.616,none,0.860,1.000,-0.6040777564048767,-0.28353121876716614,1.153180718421936,0.7869974374771118
17.824,none,0.880,1.000,-0.6479412317276001,-0.20087045431137085,1.0734539031982422,0.9872443675994873
18.002,none,0.873,1.000,-0.6894168257713318,-0.19817224144935608,1.032058596611023,0.9997670650482178
18.224,none,0.890,1.000,-0.49229633808135986,-0.13485337793827057,1.0895854234695435,0.9986992478370667
18.433,none,0.607,1.000,-0.18685583770275116,-0.10875449329614639,2.575256109237671,1.2112383842468262
18.603,none,0.570,1.000,0.7924856543540955,0.1360662579536438,2.524775743484497,1.5322916507720947
18.800,none,0.533,1.000,0.8529771566390991,-0.003568778047338128,3.891540050506592,1.8398786783218384
19.025,none,0.560,1.000,0.9415476322174072,0.013439224101603031,2.9215660095214844,1.791869044303894
19.201,none,0.523,1.000,0.9471369385719299,-0.007272501941770315,4.011287212371826,1.8906058073043823
19.424,none,0.587,1.000,0.3948115110397339,0.11568444222211838,2.610034227371216,1.4767751693725586
19.615,none,0.973,1.000,-0.05432533472776413,-0.07427392154932022,0.7440512180328369,0.15844924747943878
19.825,none,0.937,1.000,-0.35196685791015625,0.004472766071557999,1.6201735734939575,0.5779977440834045
20.016,none,0.873,1.000,-0.5879008769989014,0.24211980402469635,1.8031647205352783,0.77871173620224
20.224,none,0.863,1.000,-0.5951629281044006,0.19888804852962494,1.898045301437378,0.7561032772064209
20.400,none,0.870,1.000,-0.5695974230766296,0.1017204150557518,1.8252530097961426,0.7559174299240112
20.624,none,0.863,1.000,-0.49338239431381226,0.07899852842092514,2.024334192276001,0.7979355454444885
20.832,none,0.423,1.000,1.8204476833343506,-0.04551587998867035,2.6104865074157715,0.8547075390815735
21.009,zoom_in,0.640,1.000,1.595457673072815,-0.25673264265060425,1.6222046613693237,0.6048532724380493
21.216,zoom_in,0.600,1.000,1.5522598028182983,-0.213511660695076,0.6593043804168701,0.5783286690711975
21.425,zoom_in,0.533,1.000,1.5962398052215576,-0.11381977051496506,0.50180584192276,0.5992265343666077
21.616,zoom_in,0.427,1.000,1.4109448194503784,-0.06676018983125687,0.44543778896331787,0.6090579628944397
21.825,zoom_out,0.563,1.000,-0.9915859699249268,-0.10740040242671967,1.234675407409668,0.7381768226623535
22.016,zoom_out,0.633,1.000,-1.5973068475723267,-0.14989779889583588,1.077024221420288,0.7411608099937439
22.208,zoom_out,0.543,1.000,-1.5839765071868896,-0.15233731269836426,1.222502589225769,0.7360407710075378
22.417,zoom_out,0.603,1.000,-1.568312644958496,-0.14879606664180756,1.2618122100830078,0.7312338948249817
22.612,zoom_out,0.607,1.000,-1.5369720458984375,-0.15435628592967987,1.541236400604248,0.7285875082015991
22.800,zoom_out,0.660,1.000,-0.6396960616111755,-0.08659274876117706,1.2271844148635864,0.5962255597114563
23.009,zoom_in,0.680,1.000,0.9171732664108276,0.11190774291753769,1.0778197050094604,0.5583031177520752
23.200,zoom_in,0.577,1.000,1.8243666887283325,0.1536257416009903,1.0875728130340576,0.7296929955482483
23.408,zoom_in,0.563,1.000,1.8281363248825073,0.14745329320430756,1.135756492614746,0.7336543798446655
23.600,zoom_in,0.580,1.000,1.7973326444625854,0.14543884992599487,1.0991710424423218,0.7221319675445557
23.824,zoom_in,0.613,1.000,1.7148810625076294,0.1333170235157013,1.355255365371704,0.7158802151679993
24.032,none,0.523,1.000,-0.8123921751976013,-0.08959681540727615,0.8035903573036194,0.8706812262535095
24.207,zoom_out,0.593,1.000,-1.9184623956680298,-0.12295234203338623,0.8998799324035645,0.7772903442382812
24.400,none,0.510,1.000,-1.891650676727295,-0.08278701454401016,0.5514600872993469,0.7850542664527893
24.609,zoom_out,0.557,1.000,-1.5010771751403809,0.026282519102096558,0.733335018157959,0.7795349955558777
24.815,none,0.613,1.000,-1.5092473030090332,-0.05805373936891556,1.30547034740448,0.9825963377952576
25.009,zoom_out,0.553,1.000,-0.9220322370529175,-0.007394966669380665,1.0732765197753906,0.9726881384849548
25.216,none,0.830,1.000,0.32859283685684204,0.07654045522212982,1.439142107963562,1.0202016830444336
25.408,none,0.723,1.000,0.6205554604530334,0.18278416991233826,1.4486000537872314,1.0517818927764893
25.616,none,0.780,1.000,0.27842727303504944,0.1000211238861084,1.6246447563171387,1.1574515104293823
25.816,none,0.520,1.000,0.5540221929550171,0.31011852622032166,2.56603741645813,1.9776380062103271
26.016,none,0.423,1.000,0.6181397438049316,0.2862139642238617,2.9015440940856934,2.0534002780914307
26.208,none,0.450,1.000,0.41569897532463074,0.23873989284038544,2.6119043827056885,1.3521716594696045
26.400,none,0.977,1.000,0.022483887150883675,-0.08295129239559174,1.2815372943878174,0.1690979152917862
26.607,none,0.887,1.000,0.07254382222890854,-0.05188067629933357,2.759075880050659,0.6971554756164551
26.818,none,0.670,1.000,0.5233497619628906,-0.23339851200580597,3.0289266109466553,0.5610064268112183
27.008,none,0.513,1.000,0.49927929043769836,-0.39338576793670654,2.752377510070801,0.6793657541275024
27.243,swipe_right,0.573,1.000,0.4715012311935425,-0.35312992334365845,3.2530148029327393,1.067092776298523
27.408,none,0.590,1.000,0.4393986761569977,-0.1960834264755249,3.256070613861084,0.5731053948402405
27.616,none,0.627,1.000,0.41903990507125854,-0.2262401580810547,3.1001503467559814,0.5954265594482422
27.808,none,0.980,1.000,-0.03185268118977547,0.011446883901953697,1.9779587984085083,0.08209642022848129
28.016,none,0.957,0.944,-0.019497837871313095,0.24395456910133362,1.955411672592163,0.12205255776643753
28.208,none,0.450,1.000,-0.547799825668335,0.37547212839126587,2.7211081981658936,1.0850876569747925
28.448,swipe_left,0.597,1.000,-0.35194334387779236,0.45775657892227173,3.2102692127227783,1.095264196395874
28.606,swipe_left,0.513,1.000,-0.35802435874938965,0.4348087012767792,2.813286542892456,1.1151409149169922
28.811,swipe_left,0.627,1.000,-0.4017271399497986,0.36442360281944275,4.0302934646606445,1.1476510763168335
29.024,swipe_left,0.483,1.000,0.11490312963724136,0.131948783993721,4.275909900665283,1.2025145292282104
29.233,none,0.763,1.000,-0.043598026037216187,0.09270933270454407,5.247981071472168,0.18519407510757446
29.408,none,0.967,1.000,-0.09522563219070435,-0.13024771213531494,0.29093027114868164,0.12373943626880646
29.601,none,0.960,1.000,-0.1736556440591812,-0.09890653938055038,0.37024638056755066,0.3536028563976288
29.824,none,0.797,1.000,-0.3466325104236603,0.03933422639966011,2.0660548210144043,1.2518149614334106
30.032,none,0.793,1.000,0.06898434460163116,-0.08348337560892105,1.6218187808990479,1.2378208637237549
30.225,none,0.650,1.000,0.05881190672516823,-0.18545189499855042,2.2104849815368652,1.3134024143218994
30.431,none,0.470,1.000,0.11158321052789688,-0.22433452308177948,3.222994327545166,1.273307204246521
30.608,none,0.487,1.000,0.28174474835395813,-0.30698472261428833,2.918513774871826,1.2019001245498657
30.816,swipe_right,0.443,1.000,0.7364833950996399,-0.5203329920768738,2.378567695617676,0.6924769282341003
31.011,none,0.783,1.000,0.0769527330994606,-0.3788112998008728,1.1994798183441162,0.488841712474823
31.216,none,0.830,1.000,0.08423317968845367,-0.2386418879032135,0.9738990664482117,0.5057692527770996
31.424,none,0.623,1.000,0.13281582295894623,0.032152291387319565,3.1583030223846436,0.5020721554756165
31.616,none,0.483,1.000,-0.620549738407135,0.25845175981521606,3.081371307373047,1.0189026594161987
31.808,swipe_left,0.590,1.000,-0.4027922749519348,0.6917186975479126,3.086216449737549,1.036785364151001
32.016,swipe_left,0.600,1.000,-0.338392972946167,0.6258991360664368,2.664052963256836,0.735153079032898
32.207,none,0.480,1.000,-0.30183255672454834,0.5406709313392639,2.299727201461792,0.766457200050354
32.433,swipe_left,0.473,1.000,-0.3139565885066986,0.34961554408073425,2.327819585800171,0.9364964962005615
32.610,swipe_left,0.543,1.000,0.23504245281219482,0.3678281307220459,3.2449545860290527,1.0796500444412231
32.815,none,0.900,1.000,-0.03637876361608505,0.049840617924928665,2.2643866539001465,0.15017004311084747
33.008,none,0.847,1.000,-0.24395373463630676,-0.2890349328517914,2.242154836654663,0.8412876725196838
33.216,swipe_right,0.503,1.000,0.3387417495250702,-0.4593600034713745,2.6518731117248535,1.0153905153274536
33.411,swipe_right,0.633,1.000,0.34278303384780884,-0.5513888597488403,3.0014402866363525,0.8447092771530151
33.632,swipe_right,0.510,1.000,0.3550042510032654,-0.5436400771141052,2.587153911590576,0.7437447905540466
33.824,none,0.617,1.000,0.38141241669654846,-0.45354682207107544,2.261568069458008,0.9028410911560059
34.000,swipe_right,0.570,1.000,0.7071741819381714,-0.33824577927589417,3.4436123371124268,1.2614725828170776
34.208,none,0.927,1.000,-0.03988383710384369,-0.025447169318795204,2.3719420433044434,0.06446761637926102
34.416,none,0.713,1.000,-0.4399426579475403,0.22856199741363525,2.1535027027130127,1.1804993152618408
34.609,swipe_left,0.527,1.000,-0.36565110087394714,0.4911612868309021,2.6839470863342285,1.242857813835144
34.816,swipe_left,0.490,1.000,-0.353323757648468,0.5495460033416748,2.4916036128997803,1.0493606328964233
35.041,swipe_left,0.527,1.000,-0.3058750331401825,0.5529890060424805,2.30728816986084,1.0679923295974731
35.201,none,0.483,1.000,-0.30667027831077576,0.5369229316711426,2.108165979385376,1.0942091941833496
35.408,swipe_left,0.663,1.000,0.12805768847465515,0.3400849997997284,2.937246799468994,1.360559105873108
35.601,none,0.937,1.000,0.030400296673178673,0.11321353167295456,2.3479373455047607,0.013345401734113693
35.808,none,0.977,1.000,-0.0019027506932616234,-0.059067193418741226,1.612744927406311,0.07316279411315918
36.023,none,0.453,1.000,-0.1452491134405136,-0.4695199728012085,3.274937868118286,1.2339870929718018
36.224,swipe_right,0.707,1.000,0.3523549735546112,-0.7158614993095398,4.37451171875,1.3022398948669434
36.417,swipe_right,0.703,1.000,0.3332345187664032,-0.7355169653892517,4.011627674102783,1.2929755449295044
36.624,swipe_right,0.747,1.000,0.3244391679763794,-0.7237917184829712,4.3294677734375,1.3019299507141113
36.801,swipe_right,0.690,1.000,0.3423309028148651,-0.6750155091285706,3.010115385055542,1.1106370687484741
37.007,swipe_left,0.350,0.944,0.4902597665786743,-0.23370154201984406,5.480178356170654,1.637552261352539
37.231,none,0.503,1.000,-0.5363515019416809,0.36746159195899963,3.443254232406616,1.2868324518203735
37.407,swipe_left,0.477,1.000,-0.2552451193332672,0.6012096405029297,2.536743402481079,1.0761058330535889
37.632,swipe_left,0.637,1.000,-0.265641450881958,0.5949090123176575,3.2727646827697754,1.1583501100540161
37.808,swipe_left,0.583,1.000,-0.2763693928718567,0.5785629749298096,2.544328212738037,1.0077399015426636
38.001,swipe_left,0.677,1.000,-0.07181099057197571,0.44159403443336487,2.558255910873413,1.032774567604065
38.208,swipe_left,0.463,1.000,0.23375332355499268,0.2152140885591507,3.9072184562683105,1.1622815132141113
38.434,none,0.760,1.000,-0.21823900938034058,-0.2239818423986435,2.3414711952209473,0.8967519998550415
38.607,none,0.733,1.000,0.33973097801208496,-0.5402905941009521,2.1717867851257324,0.7923228144645691
38.816,none,0.550,1.000,0.36318549513816833,-0.5799474716186523,2.3976285457611084,0.9192600846290588
39.024,swipe_right,0.443,1.000,0.32834064960479736,-0.5739729404449463,2.4912545680999756,0.7654858231544495
39.216,none,0.573,1.000,0.3700481057167053,-0.5016143321990967,2.37084698677063,0.9025243520736694
39.424,swipe_right,0.577,1.000,0.444174587726593,-0.3834260106086731,2.7889301776885986,0.612799882888794
39.617,none,0.980,1.000,-0.06656323373317719,0.021050889045000076,1.7423348426818848,0.0843198150396347
39.808,none,0.727,1.000,-0.4746358096599579,0.19283881783485413,2.3297674655914307,1.151554822921753
40.016,swipe_left,0.657,1.000,-0.3664802312850952,0.5079740881919861,3.4246649742126465,1.1154385805130005
40.207,swipe_left,0.643,1.000,-0.3527128994464874,0.5064613819122314,3.454526424407959,1.1615186929702759
40.417,swipe_left,0.713,1.000,-0.3417603373527527,0.5010458827018738,3.456609010696411,1.1288899183273315
40.623,swipe_left,0.670,1.000,-0.32386910915374756,0.4150882363319397,3.4963483810424805,1.1776344776153564
40.815,-,,1.000,,,,
41.024,none,0.760,1.000,-0.3939801752567291,-0.3385314345359802,2.5734119415283203,0.6991613507270813
41.216,swipe_right,0.490,1.000,0.3702681064605713,-0.522723913192749,2.6925690174102783,0.8608917593955994
41.423,none,0.457,1.000,0.36564627289772034,-0.5764034986495972,2.4761738777160645,0.642128586769104
41.632,swipe_right,0.680,1.000,0.37007254362106323,-0.5387427806854248,2.8783931732177734,0.7983998656272888
41.824,swipe_right,0.500,1.000,0.38806265592575073,-0.5175305604934692,2.571068525314331,0.6947146654129028
42.032,none,0.690,1.000,0.6352283954620361,-0.12325108051300049,3.4341015815734863,0.9557799100875854
42.208,none,0.757,1.000,-0.48777052760124207,0.16373948752880096,2.7150866985321045,1.2300539016723633
42.402,none,0.517,1.000,-0.3390035331249237,0.4389934241771698,2.3475449085235596,1.1070095300674438
42.624,swipe_left,0.470,1.000,-0.343672513961792,0.5065876245498657,2.4940717220306396,1.0344407558441162
42.833,swipe_left,0.573,1.000,-0.34449252486228943,0.49131637811660767,2.6416304111480713,1.0887572765350342
43.025,swipe_left,0.590,1.000,-0.33485013246536255,0.4063282310962677,2.6531310081481934,1.1058578491210938
43.200,swipe_left,0.690,1.000,-0.09921813011169434,0.23098063468933105,2.6352741718292236,1.1754443645477295
43.424,none,0.627,1.000,-0.14689522981643677,-0.2859600782394409,3.024707078933716,0.8695120215415955
43.601,swipe_right,0.683,1.000,0.47190284729003906,-0.5447573661804199,3.048790454864502,1.074162483215332
43.824,swipe_right,0.667,1.000,0.47088927030563354,-0.5793137550354004,2.960618019104004,0.8111775517463684
44.006,swipe_right,0.717,1.000,0.46381044387817383,-0.548467755317688,3.0365524291992188,1.0678578615188599
44.223,swipe_right,0.690,1.000,0.5486540794372559,-0.4063785672187805,3.0443150997161865,0.9926996827125549
44.417,none,0.563,0.944,0.7695043683052063,-0.03262018412351608,3.3606836795806885,0.9929081797599792
44.624,swipe_left,0.543,1.000,-0.5285602807998657,0.40772566199302673,5.019058704376221,1.0665203332901
44.800,swipe_left,0.723,1.000,-0.4965497851371765,0.569491982460022,4.439934730529785,1.1829789876937866
45.012,swipe_left,0.740,1.000,-0.5143814086914062,0.5216938257217407,5.015699863433838,1.0562434196472168
45.231,swipe_left,0.653,1.000,-0.5180034637451172,0.4522566497325897,2.8221843242645264,1.326328158378601
45.424,swipe_left,0.577,1.000,-0.18279896676540375,0.16744856536388397,5.549847602844238,1.22502863407135
45.632,swipe_right,0.407,1.000,0.40291428565979004,-0.25922784209251404,7.477444648742676,1.5139964818954468
45.812,swipe_right,0.600,1.000,0.4512688219547272,-0.5762258172035217,2.8168952465057373,1.0495051145553589
46.015,swipe_right,0.580,1.000,0.4696088433265686,-0.5453909039497375,2.8167591094970703,1.1414868831634521
46.240,swipe_right,0.603,1.000,0.47885051369667053,-0.4609185457229614,2.740647077560425,1.142750859260559
46.413,none,0.433,0.944,0.6321388483047485,-0.17982950806617737,2.957071542739868,1.1903700828552246
46.624,none,0.440,1.000,-0.5371647477149963,0.26260942220687866,3.645519495010376,1.7980304956436157
46.831,swipe_left,0.623,1.000,-0.4075876474380493,0.5311949849128723,3.890562057495117,1.0246384143829346
47.023,none,0.583,1.000,-0.4043829143047333,0.5239421725273132,2.0988264083862305,1.2798563241958618
47.232,swipe_left,0.697,1.000,-0.40980273485183716,0.49818816781044006,3.9929542541503906,1.026779294013977
47.425,none,0.517,1.000,-0.31698355078697205,0.17550459504127502,2.3110454082489014,1.4124042987823486
47.600,none,0.540,1.000,1.0580377578735352,0.05255318060517311,8.464537620544434,2.4217917919158936
47.809,swipe_right,0.463,1.000,0.5431351065635681,-0.4417332112789154,2.4348106384277344,1.2198500633239746
48.001,swipe_right,0.560,1.000,0.5321881175041199,-0.40026038885116577,2.6867599487304688,1.1170475482940674
48.208,swipe_right,0.597,1.000,0.5165989398956299,-0.38413965702056885,2.645124673843384,1.0583066940307617
48.401,none,0.500,1.000,0.7012949585914612,-0.13278110325336456,2.5073673725128174,1.2612097263336182
48.625,none,0.417,1.000,-0.9715637564659119,-0.07895857840776443,5.446384906768799,2.3878917694091797
48.831,swipe_left,0.433,1.000,-0.5144218802452087,0.2639195919036865,3.4950032234191895,1.2843509912490845
49.024,swipe_left,0.443,1.000,-0.5274187326431274,0.248420849442482,2.7476706504821777,1.1988377571105957
49.200,swipe_left,0.477,1.000,-0.5382149815559387,0.2537360191345215,3.013455867767334,1.2412997484207153
49.414,swipe_left,0.590,1.000,-0.2826192378997803,0.1185237467288971,3.670746326446533,1.370430827140808
49.615,-,,1.000,,,,
49.811,swipe_right,0.503,1.000,0.5235550999641418,-0.3047191798686981,2.8596370220184326,1.0952786207199097
50.016,none,0.477,1.000,0.5294846296310425,-0.32798153162002563,2.5452964305877686,1.167665719985962
50.213,none,0.630,1.000,0.5427598357200623,-0.3186981976032257,2.28056001663208,1.1038457155227661
50.415,none,0.450,1.000,0.5200896263122559,-0.2202288955450058,3.3407273292541504,0.8042459487915039
50.609,swipe_right,0.487,1.000,-0.05041014030575752,-0.29475679993629456,4.704277515411377,1.8525534868240356
50.816,swipe_left,0.497,1.000,-0.4235697090625763,0.31220176815986633,3.3570823669433594,1.3120139837265015
51.007,swipe_left,0.483,1.000,-0.4381332993507385,0.367252379655838,3.415010452270508,1.333119511604309
51.216,swipe_left,0.533,1.000,-0.44311392307281494,0.35559651255607605,3.48117995262146,1.2852721214294434
51.425,swipe_left,0.510,1.000,-0.4196927547454834,0.26617780327796936,3.587308645248413,1.3228442668914795
51.601,swipe_left,0.603,1.000,0.007332562934607267,0.23890624940395355,3.59562611579895,1.6149840354919434
51.809,none,0.990,1.000,-0.03972404822707176,-0.07473468035459518,1.8429299592971802,0.07847173511981964
52.001,none,0.847,1.000,-0.15271137654781342,-0.20148804783821106,1.8579941987991333,0.8511033058166504
52.207,swipe_right,0.550,1.000,0.4720616340637207,-0.4095296561717987,2.6479086875915527,0.9780685305595398
52.431,none,0.457,1.000,0.4157998859882355,-0.4776093363761902,2.54868745803833,0.8006598353385925
52.624,swipe_right,0.693,1.000,0.41673120856285095,-0.45583075284957886,2.9414076805114746,0.619857132434845
52.833,swipe_right,0.583,1.000,0.4187135100364685,-0.4042174816131592,2.6749985218048096,0.8727717995643616
53.024,none,0.563,0.944,0.4846022427082062,0.06979216635227203,5.213328838348389,0.7084540128707886
53.215,swipe_left,0.583,1.000,-0.6095675230026245,0.6977496147155762,4.527524948120117,1.1848291158676147
53.423,swipe_left,0.553,1.000,-0.421828031539917,0.734744131565094,3.4993958473205566,1.162714958190918
53.616,swipe_left,0.497,1.000,-0.42204201221466064,0.536175012588501,4.480553150177002,1.1552215814590454
53.824,swipe_left,0.480,1.000,-0.3717447817325592,0.4537506103515625,3.686300039291382,1.1483961343765259
54.030,swipe_left,0.517,0.889,-0.07474812120199203,0.07671492546796799,3.912642002105713,1.1992037296295166
54.224,swipe_right,0.557,1.000,0.3999881446361542,-1.038402795791626,2.7406938076019287,1.6478983163833618
54.432,swipe_right,0.907,1.000,0.46161434054374695,-0.9777039885520935,5.283627986907959,1.1719446182250977
54.608,swipe_right,0.550,1.000,0.5029191374778748,-0.7101331353187561,2.4225285053253174,1.4810185432434082
54.800,none,0.450,1.000,0.4838481843471527,-0.5444647669792175,2.3185033798217773,1.5115928649902344
55.040,swipe_right,0.637,1.000,0.24530702829360962,-0.3626575171947479,5.647055625915527,1.3731530904769897
55.200,none,0.420,1.000,-0.26536643505096436,0.40039685368537903,4.24664831161499,2.0292906761169434
55.410,none,0.787,1.000,-0.24243859946727753,0.37881413102149963,1.814352035522461,1.1314219236373901
55.617,none,0.600,1.000,-0.2660638988018036,0.31535235047340393,2.347229480743408,1.1196855306625366
55.814,none,0.807,1.000,-0.4093111753463745,0.10941833257675171,1.615399718284607,1.1226356029510498
56.016,none,0.437,1.000,0.6266900300979614,0.10239119827747345,5.528909206390381,2.4094011783599854
56.241,none,0.743,1.000,0.3952648937702179,-0.2955135107040405,2.1063036918640137,1.1237802505493164
56.432,none,0.730,1.000,0.3782767057418823,-0.3022111654281616,1.88753080368042,1.1280643939971924
56.608,none,0.647,1.000,0.3614942729473114,-0.30850470066070557,1.9916456937789917,1.061025857925415
56.832,none,0.440,1.000,0.49715763330459595,0.0030715533066540956,3.5315959453582764,1.1364450454711914
57.008,swipe_left,0.493,1.000,-0.5569484829902649,0.8003727197647095,7.490936279296875,1.9620745182037354
57.231,swipe_left,0.727,1.000,-0.3453625738620758,0.7930935621261597,4.5621113777160645,1.0815726518630981
57.425,swipe_left,0.660,1.000,-0.3300170302391052,0.7665557265281677,4.568252086639404,1.1958457231521606
57.600,swipe_left,0.670,1.000,-0.3198486268520355,0.7358518242835999,5.697788715362549,1.1712090969085693
57.824,swipe_left,0.550,0.944,-0.4068251848220825,0.2547685205936432,4.556026935577393,1.2318400144577026
58.032,swipe_right,0.750,1.000,0.7442008256912231,-0.7567666172981262,11.039692878723145,2.3438501358032227
58.209,swipe_right,0.667,1.000,0.49530407786369324,-1.1142823696136475,3.006375551223755,1.3695231676101685
58.416,swipe_right,0.793,1.000,0.46973392367362976,-1.0363080501556396,5.43557071685791,1.483502984046936
58.623,swipe_right,0.780,1.000,0.43440893292427063,-0.7819238305091858,5.12775182723999,1.4061195850372314
58.817,swipe_right,0.490,1.000,-0.044446129351854324,-1.157410740852356,14.696565628051758,1.4985092878341675
59.024,none,0.390,1.000,-1.1215206384658813,-1.554319143295288,14.551020622253418,1.6019437313079834
59.215,none,0.503,1.000,-0.8732308745384216,-0.6980388164520264,23.27193260192871,1.205331802368164
59.423,none,0.563,1.000,-1.016910195350647,-0.28241968154907227,10.37732219696045,1.338124394416809
59.632,none,0.540,1.000,-0.9938482642173767,-0.10024172812700272,11.392807006835938,1.3519572019577026
59.808,none,0.330,1.000,0.2857491075992584,0.31800389289855957,13.52718448638916,1.5198893547058105
60.016,swipe_left,0.707,1.000,2.4879884719848633,2.332566738128662,7.2926483154296875,4.143556118011475
60.207,swipe_left,0.700,1.000,2.4305031299591064,1.5791391134262085,7.236339092254639,3.919956684112549
60.416,-,,1.000,,,,
60.608,-,,1.000,,,,
60.800,swipe_left,0.490,1.000,-0.693132758140564,0.9758672118186951,7.378476142883301,2.1029579639434814
61.001,swipe_left,0.550,1.000,-0.3305724561214447,1.0956711769104004,3.8042025566101074,0.33651649951934814
61.200,swipe_left,0.707,1.000,-0.39369407296180725,1.056649923324585,4.020162105560303,1.1437163352966309
61.410,swipe_left,0.753,1.000,-0.3933211863040924,0.9840541481971741,4.240327835083008,1.1689730882644653
61.632,swipe_left,0.657,0.944,-0.6434296369552612,0.5276288986206055,4.384432792663574,1.181196689605713
61.808,none,0.677,0.833,0.0,0.0,10.743494033813477,2.796721935272217
62.032,-,,,,,,
62.208,-,,,,,,
62.401,-,,,,,,
62.607,-,,,,,,
62.801,-,,,,,,
