ts,label,confidence,presence,pinch_delta,dx,max_vx
0.217,-,,,,,
0.419,-,,,,,
0.627,-,,,,,
0.836,-,,,,,
1.011,-,,,,,
1.235,none,0.983,1.000,0.017861681059002876,-0.017212940379977226,2.1576335430145264
1.414,none,0.927,0.889,0.1476871818304062,-0.37763360142707825,3.125302314758301
1.619,swipe_right,0.683,1.000,0.5799083709716797,-2.1789209842681885,7.645177364349365
1.810,swipe_right,0.383,0.778,0.8157962560653687,-2.18129563331604,2.744332790374756
2.020,swipe_right,0.843,1.000,0.7314998507499695,-2.306593418121338,8.013904571533203
2.211,swipe_right,0.557,0.778,0.7438412308692932,-2.3412742614746094,2.9525246620178223
2.403,none,0.690,0.778,0.6812177300453186,-1.9983278512954712,1.0982704162597656
2.611,none,0.517,1.000,-0.26538950204849243,-0.024663574993610382,9.415066719055176
2.803,none,0.927,1.000,-0.3530362546443939,0.132699117064476,1.816428303718567
3.027,none,0.867,1.000,-0.24452975392341614,0.30529141426086426,2.0611331462860107
3.203,none,0.780,1.000,-0.21872550249099731,0.3952156603336334,1.95167076587677
3.426,none,0.750,1.000,-0.23474153876304626,0.27589133381843567,2.0913825035095215
3.603,none,0.610,1.000,-0.0706576257944107,-0.025865575298666954,2.509557008743286
3.811,none,0.913,1.000,-0.12442953884601593,-0.4395611584186554,2.141378879547119
4.019,none,0.767,1.000,0.01338470634073019,-0.6468024253845215,2.222928285598755
4.211,none,0.877,1.000,0.029446275904774666,-0.6178614497184753,2.1273465156555176
4.418,none,0.887,1.000,0.012617618776857853,-0.612301766872406,2.2062435150146484
4.611,none,0.720,1.000,-0.22425618767738342,-0.6152578592300415,2.318575382232666
4.835,none,0.787,1.000,-0.4826796054840088,-0.5638712644577026,2.15164852142334
5.014,none,0.780,1.000,-0.3862627148628235,-0.34325167536735535,2.6823832988739014
5.219,none,0.690,1.000,-0.6487662196159363,-0.2029772251844406,2.479125499725342
5.411,none,0.520,1.000,-0.3332382142543793,-0.11954563856124878,2.603440761566162
5.619,none,0.813,1.000,0.2745034694671631,0.11290023475885391,1.348634123802185
5.812,none,0.737,1.000,0.2709847688674927,0.3125196695327759,1.3408249616622925
6.020,swipe_left,0.643,1.000,0.15064029395580292,0.5248010754585266,2.2655208110809326
6.211,swipe_left,0.597,1.000,0.41551366448402405,0.3407311737537384,3.509744882583618
6.418,none,0.683,0.889,-0.4827602505683899,-0.14250485599040985,3.2208662033081055
6.627,none,0.417,1.000,1.1666079759597778,-0.632857620716095,2.8837194442749023
6.819,none,0.390,1.000,1.1121283769607544,-0.7431021332740784,3.8452095985412598
7.027,none,0.453,1.000,1.1161093711853027,-0.9150267243385315,3.0570552349090576
7.218,swipe_right,0.460,1.000,0.16824401915073395,-0.5625974535942078,3.3470356464385986
7.426,swipe_left,0.650,1.000,0.1531679481267929,1.1079546213150024,7.629766464233398
7.619,swipe_left,0.407,1.000,-1.2773118019104004,1.3881984949111938,8.496805191040039
7.828,swipe_left,0.510,1.000,-0.9547572135925293,1.2006663084030151,6.5633463859558105
8.019,swipe_left,0.530,1.000,-1.036797046661377,1.1613823175430298,7.408401012420654
8.226,-,,1.000,,,
8.403,none,0.783,0.944,-0.16977378726005554,-0.2552779018878937,2.3880271911621094
8.627,none,0.423,1.000,0.5202382206916809,-0.30009958148002625,3.411308526992798
8.819,none,0.787,1.000,0.6675947308540344,-0.2211965024471283,1.9229098558425903
9.027,none,0.783,1.000,0.6385983228683472,-0.18384556472301483,1.0183236598968506
9.219,none,0.797,1.000,0.6359059810638428,-0.16386204957962036,1.9271800518035889
9.427,none,0.803,1.000,1.1112525463104248,-0.07213731855154037,1.1610825061798096
9.603,none,0.370,1.000,-1.7916905879974365,-0.6593526601791382,7.036781311035156
9.827,swipe_left,0.470,1.000,-1.1548712253570557,-0.13073010742664337,3.5345041751861572
10.004,swipe_left,0.373,1.000,-1.159940481185913,-0.15047724545001984,3.8284902572631836
10.211,swipe_left,0.360,1.000,-1.1133040189743042,-0.17060069739818573,4.378683567047119
10.419,swipe_left,0.403,1.000,-0.9964487552642822,-0.15417304635047913,5.215704917907715
10.611,-,,1.000,,,
10.819,none,0.997,1.000,0.0843103751540184,-0.04574431851506233,0.32408860325813293
11.029,none,0.987,1.000,0.0777820348739624,-0.02809188701212406,0.2752402722835541
11.203,none,0.990,1.000,0.09574960172176361,-0.009981542825698853,0.2823283076286316
11.411,none,0.993,1.000,0.033962540328502655,-0.005710154306143522,0.2678861916065216
11.604,none,0.987,1.000,0.020039688795804977,0.015848491340875626,0.2725897431373596
11.827,none,0.977,1.000,-0.0074529219418764114,0.10740360617637634,0.8375626802444458
12.003,none,0.980,1.000,-0.08281202614307404,0.19141164422035217,0.8128834962844849
12.227,none,0.970,1.000,-0.08098790049552917,0.2585606276988983,0.8317455053329468
12.403,none,0.953,1.000,-0.07829119265079498,0.33134379982948303,0.8300305604934692
12.611,none,0.947,1.000,-0.039529949426651,0.3832213878631592,0.7526000738143921
12.835,none,0.957,1.000,-0.01687610149383545,0.3567967414855957,0.8577926754951477
13.011,none,0.963,1.000,0.06645706295967102,0.25711846351623535,0.6502832770347595
13.236,none,0.957,1.000,0.04851840063929558,0.23799218237400055,0.8100862503051758
13.427,none,0.937,1.000,0.07377602159976959,0.3325877785682678,1.2159777879714966
13.619,none,0.937,1.000,0.06471699476242065,0.4132152497768402,1.2557618618011475
13.826,none,0.947,1.000,-0.04881163686513901,0.32240426540374756,1.8659107685089111
14.019,none,0.733,0.889,-0.6352061033248901,0.0651889219880104,3.3677868843078613
14.227,none,0.520,1.000,1.0187323093414307,-0.29810887575149536,2.603283166885376
14.403,swipe_right,0.417,1.000,0.9813600778579712,-0.44304463267326355,3.3776097297668457
14.627,none,0.400,1.000,0.8608806729316711,-0.5504687428474426,2.720270872116089
14.802,swipe_right,0.610,1.000,0.9080544114112854,-0.5038002729415894,3.1882483959198
15.028,swipe_right,0.357,1.000,1.0651744604110718,-0.09628580510616302,5.36935567855835
15.219,none,0.997,1.000,-0.1504342257976532,0.05248973146080971,0.611020028591156
15.412,none,0.987,1.000,-0.1455100178718567,0.0007732861558906734,0.4781506359577179
15.619,none,0.997,1.000,-0.07400763034820557,-0.061431873589754105,0.613582968711853
15.827,none,0.997,1.000,-0.0686069056391716,-0.014564434066414833,0.408507764339447
16.003,none,1.000,1.000,-0.05479646846652031,-0.02247450314462185,0.4788462519645691
16.212,zoom_out,0.460,1.000,-0.7890700101852417,0.09013064950704575,2.570695400238037
16.404,swipe_left,0.343,1.000,-1.209775447845459,0.5163547992706299,4.353636264801025
16.611,swipe_left,0.373,1.000,-1.161867380142212,0.7764130234718323,4.537818431854248
16.818,swipe_left,0.373,1.000,-1.1219254732131958,0.7554607391357422,4.316559314727783
17.027,swipe_left,0.447,1.000,-1.1215956211090088,0.7172468900680542,3.886491060256958
17.221,swipe_left,0.560,1.000,-0.2180047482252121,0.596125066280365,4.481088638305664
17.427,none,0.637,0.944,-0.1479371339082718,-0.2055044174194336,3.5364482402801514
17.619,none,0.507,1.000,0.9560431838035583,-0.686349093914032,2.5170724391937256
17.809,none,0.433,1.000,1.0705019235610962,-0.7804555296897888,2.9623844623565674
18.019,none,0.463,1.000,1.0542399883270264,-0.7521620392799377,2.506985664367676
18.243,swipe_right,0.447,1.000,1.0740816593170166,-0.707207202911377,2.7954630851745605
18.404,swipe_right,0.780,1.000,1.3506630659103394,-0.5869613289833069,3.349796772003174
18.611,none,0.920,1.000,0.017389675602316856,0.023217445239424706,2.289165735244751
18.818,zoom_out,0.380,1.000,-1.6310042142868042,0.4162704050540924,4.653380870819092
19.011,swipe_left,0.463,1.000,-1.3004872798919678,0.9866006970405579,5.411696910858154
19.219,swipe_left,0.387,1.000,-1.2705289125442505,1.0150519609451294,4.823934078216553
19.427,swipe_left,0.400,1.000,-1.3670458793640137,1.051478624343872,5.180459499359131
19.603,swipe_left,0.410,1.000,-1.3527069091796875,0.94315505027771,5.605887413024902
19.812,-,,1.000,,,
20.004,none,0.697,1.000,-0.17826831340789795,0.00696940440684557,2.552495241165161
20.211,none,0.753,1.000,0.3444027602672577,-0.044415440410375595,2.174285888671875
20.404,none,0.580,1.000,0.5177075862884521,-0.14724905788898468,2.521503210067749
20.611,none,0.700,1.000,0.5970115661621094,-0.21342238783836365,2.167971134185791
20.803,none,0.573,1.000,0.7028853297233582,-0.17162500321865082,2.7639598846435547
21.011,swipe_right,0.643,1.000,-0.05905681103467941,-0.4223710298538208,3.4949560165405273
21.203,swipe_right,0.543,1.000,-0.40913069248199463,-0.5888014435768127,2.9534575939178467
21.411,swipe_right,0.437,1.000,-0.4351414442062378,-0.41092249751091003,2.993533134460449
21.636,none,0.623,1.000,-0.41011059284210205,-0.23247776925563812,2.1499855518341064
21.811,none,0.520,1.000,-0.4161732792854309,-0.17306064069271088,2.670809030532837
22.004,swipe_left,0.513,1.000,0.2332787662744522,0.1285424679517746,3.2888386249542236
22.210,none,0.560,1.000,0.7150461673736572,0.46873852610588074,4.32078742980957
22.403,none,0.590,1.000,0.5552881956100464,0.23446941375732422,3.0829696655273438
22.611,none,0.620,1.000,0.5358649492263794,0.09205809235572815,3.470325469970703
22.820,none,0.730,1.000,0.2691214978694916,0.09460168331861496,3.845048427581787
23.026,none,0.443,1.000,0.06460398435592651,-0.32705017924308777,4.974466323852539
23.203,none,0.703,1.000,-0.6127864718437195,-0.21256476640701294,2.7647573947906494
23.426,none,0.720,1.000,-0.5886706709861755,-0.0322469137609005,2.542762279510498
23.603,none,0.657,1.000,-0.6036247611045837,0.08840163052082062,2.399815320968628
23.811,none,0.697,1.000,-0.40670016407966614,0.08957839012145996,2.06885027885437
24.003,none,0.503,1.000,0.13884153962135315,0.20436149835586548,2.5863187313079834
24.210,none,0.653,1.000,-0.46587610244750977,0.28358352184295654,2.617720603942871
24.403,none,0.537,0.889,0.07940074801445007,0.10586735606193542,3.531878709793091
24.612,none,0.517,1.000,0.1377580165863037,0.39812904596328735,3.1771769523620605
24.803,swipe_left,0.487,1.000,0.06861574202775955,0.37280017137527466,3.5657026767730713
25.028,swipe_left,0.563,1.000,0.1465773582458496,0.3675041198730469,2.851900339126587
25.203,swipe_left,0.683,1.000,0.32246050238609314,0.1767045110464096,3.3104279041290283
25.428,none,0.853,1.000,0.19666893780231476,0.17102257907390594,1.1055935621261597
25.618,none,0.987,1.000,-0.22032609581947327,0.008965874090790749,1.088809847831726
25.827,none,0.983,1.000,-0.14345130324363708,0.01875704899430275,0.5372833609580994
26.019,none,0.903,0.944,-0.09690843522548676,-0.03998485952615738,2.5538249015808105
26.227,swipe_right,0.803,1.000,0.6213781237602234,-0.8102328181266785,3.4681739807128906
26.418,swipe_right,0.837,1.000,0.6647847890853882,-0.8599828481674194,3.655909776687622
26.628,swipe_right,0.810,1.000,0.6598313450813293,-0.7793777585029602,3.699955463409424
26.804,swipe_right,0.797,1.000,0.6447588801383972,-0.7669439315795898,3.5342767238616943
27.026,swipe_right,0.823,1.000,0.6524465680122375,-0.5262430906295776,3.9891726970672607
27.219,none,0.840,1.000,-0.10717310756444931,0.0402224138379097,2.933920383453369
27.411,none,0.983,0.889,-0.08099284768104553,0.07978302240371704,0.8091325759887695
27.618,none,0.650,1.000,-0.58913654088974,0.5207056403160095,1.826250433921814
27.810,none,0.580,1.000,-0.4083606004714966,0.631350576877594,2.1205267906188965
28.018,none,0.643,1.000,-0.3639943599700928,0.674582302570343,1.9204689264297485
28.211,none,0.487,1.000,-0.392559677362442,0.7120498418807983,2.263176918029785
28.403,swipe_left,0.700,1.000,-0.16306519508361816,0.5162733793258667,2.837559700012207
28.611,none,0.903,1.000,-0.04069859907031059,0.1646057814359665,2.6028189659118652
28.836,none,0.987,1.000,-0.006342999171465635,-0.011193571612238884,1.7776952981948853
29.011,swipe_right,0.527,1.000,0.12203672528266907,-0.40210583806037903,4.093227863311768
29.220,swipe_right,0.843,1.000,0.6925284266471863,-0.7407305836677551,3.8619284629821777
29.427,swipe_right,0.863,1.000,0.6692690849304199,-0.6997036933898926,4.234198570251465
29.619,swipe_right,0.827,1.000,0.6189923286437988,-0.7318334579467773,3.8258774280548096
29.827,swipe_right,0.773,1.000,0.5484855771064758,-0.6256735920906067,4.279189586639404
30.019,none,0.440,1.000,0.2900104224681854,-0.22860409319400787,4.3582987785339355
30.211,none,0.723,1.000,-0.7306333780288696,0.09316959977149963,2.7507710456848145
30.420,none,0.623,1.000,-0.7022237181663513,-0.1449013501405716,2.9314656257629395
30.612,none,0.600,1.000,-0.7050648331642151,-0.016864962875843048,3.6563122272491455
30.820,none,0.657,1.000,-0.7405748963356018,-0.001163992565125227,3.2072956562042236
31.012,none,0.650,1.000,-0.9777897000312805,0.1287505030632019,3.090597152709961
31.204,none,0.353,1.000,0.38194558024406433,0.25753480195999146,3.5056850910186768
31.411,none,0.580,1.000,1.2150062322616577,0.3126663863658905,1.9013473987579346
31.603,none,0.473,1.000,1.2622487545013428,0.12240543216466904,1.6634219884872437
31.811,none,0.440,1.000,1.4969325065612793,0.11571501195430756,1.8571808338165283
32.019,zoom_in,0.470,1.000,1.5482888221740723,-0.10523362457752228,1.5540187358856201
32.227,zoom_in,0.367,1.000,0.6711546182632446,-0.21664564311504364,1.3226813077926636
32.404,none,0.963,1.000,-0.09985437244176865,-0.12995968759059906,0.9783819317817688
32.627,none,0.977,1.000,-0.12314143031835556,-0.08637327700853348,0.3838818371295929
32.803,zoom_out,0.533,1.000,-1.2451082468032837,-0.15653230249881744,1.1714627742767334
33.027,zoom_out,0.650,1.000,-1.554670810699463,-0.15553443133831024,0.8373144865036011
33.203,zoom_out,0.680,1.000,-1.5339670181274414,-0.14787502586841583,1.1382683515548706
33.427,zoom_out,0.653,1.000,-1.5347932577133179,-0.09638430923223495,0.8379462957382202
33.603,none,0.530,1.000,-0.7936800122261047,0.019440513104200363,1.1425632238388062
33.828,zoom_in,0.430,1.000,1.1684767007827759,0.09309403598308563,1.0155607461929321
34.003,zoom_in,0.570,1.000,1.548169493675232,0.075718954205513,0.8149145841598511
34.213,zoom_in,0.570,1.000,1.4723457098007202,0.06832151114940643,0.8697232007980347
34.419,zoom_in,0.467,1.000,0.2253052294254303,-0.018929071724414825,1.0679571628570557
34.627,zoom_out,0.597,1.000,-0.8411476612091064,-0.32573461532592773,2.5501160621643066
34.819,none,0.543,0.833,0.0,0.0,1.970144510269165
35.028,-,,,,,
35.219,-,,,,,
35.427,-,,,,,
