split,class,before,after,none_share_after
train,none,53120,3852,
train,swipe_left,942,942,
train,swipe_right,953,953,
train,zoom_in,976,976,
train,zoom_out,981,981,
train,TỔNG,56972,7704,0.5
val,none,11515,11515,
val,swipe_left,342,342,
val,swipe_right,305,305,
val,zoom_in,297,297,
val,zoom_out,285,285,
val,TỔNG,12744,12744,0.9035624607658506
test,none,23745,23745,
test,swipe_left,446,446,
test,swipe_right,369,369,
test,zoom_in,403,403,
test,zoom_out,413,413,
test,TỔNG,25376,25376,0.9357266708701135
