class,n,experiment,kept,to_none,to_swipe_left,to_swipe_right,to_zoom_in,to_zoom_out,open_range,pinch_range,abs_dx,max_vx
swipe_left,94,gốc (chỉ cộng rung),1.0,0.0,1.0,0.0,0.0,0.0,1.0624549388885498,0.8836484551429749,0.5811855792999268,4.496230125427246
swipe_left,94,bàn tay cứng,0.0,0.9680851063829787,0.0,0.02127659574468085,0.0,0.010638297872340425,0.060283564031124115,0.08339699357748032,0.587787389755249,4.466611862182617
swipe_left,94,đi ra rồi quay về,0.9680851063829787,0.031914893617021274,0.9680851063829787,0.0,0.0,0.0,1.030836820602417,0.90401291847229,0.06689523905515671,4.489459037780762
swipe_left,94,cổ tay đứng yên,0.9787234042553191,0.010638297872340425,0.9787234042553191,0.010638297872340425,0.0,0.0,1.052370548248291,0.8713076114654541,0.008030887693166733,0.6704965829849243
swipe_left,94,giữ 0% đổi dáng tay,0.0,0.9680851063829787,0.0,0.02127659574468085,0.0,0.010638297872340425,0.05838462710380554,0.07826095819473267,0.5814908742904663,4.434425354003906
swipe_left,94,giữ 25% đổi dáng tay,0.13829787234042554,0.8404255319148937,0.13829787234042554,0.010638297872340425,0.0,0.010638297872340425,0.251505583524704,0.24998247623443604,0.585184633731842,4.522602558135986
swipe_left,94,giữ 50% đổi dáng tay,0.5212765957446809,0.46808510638297873,0.5212765957446809,0.010638297872340425,0.0,0.0,0.4346516728401184,0.4626707136631012,0.5825701951980591,4.481152534484863
swipe_left,94,giữ 75% đổi dáng tay,0.7553191489361702,0.18085106382978725,0.7553191489361702,0.06382978723404255,0.0,0.0,0.721014142036438,0.7099542617797852,0.616517186164856,4.557618141174316
swipe_left,94,giữ 100% đổi dáng tay,0.9893617021276596,0.010638297872340425,0.9893617021276596,0.0,0.0,0.0,1.0467743873596191,0.9221805334091187,0.5849559307098389,4.711064338684082
swipe_left,94,quãng dời ×0.25,0.9893617021276596,0.0,0.9893617021276596,0.010638297872340425,0.0,0.0,1.0540399551391602,0.9190124273300171,0.1539064347743988,1.3059797286987305
swipe_left,94,quãng dời ×0.5,0.9893617021276596,0.0,0.9893617021276596,0.010638297872340425,0.0,0.0,1.0067636966705322,0.8986964821815491,0.28899329900741577,2.374229907989502
swipe_left,94,quãng dời ×0.75,0.9893617021276596,0.0,0.9893617021276596,0.0,0.0,0.0,1.0345330238342285,0.8747893571853638,0.43671491742134094,3.452444076538086
swipe_left,94,quãng dời ×1,1.0,0.0,1.0,0.0,0.0,0.0,1.0466065406799316,0.8934754729270935,0.6094993948936462,4.631467819213867
swipe_left,94,quãng dời ×1.5,0.8829787234042553,0.07446808510638298,0.8829787234042553,0.0425531914893617,0.0,0.0,1.0459522008895874,0.8924954533576965,0.8877184987068176,6.602382659912109
swipe_right,71,gốc (chỉ cộng rung),1.0,0.0,0.0,1.0,0.0,0.0,0.9650341868400574,1.3324284553527832,0.6354300379753113,4.66989278793335
swipe_right,71,bàn tay cứng,0.056338028169014086,0.8309859154929577,0.11267605633802817,0.056338028169014086,0.0,0.0,0.061440158635377884,0.07856254279613495,0.6026585102081299,4.650967121124268
swipe_right,71,đi ra rồi quay về,0.9436619718309859,0.04225352112676056,0.0,0.9436619718309859,0.014084507042253521,0.0,0.9729178547859192,1.3266539573669434,0.0818672850728035,4.85007905960083
swipe_right,71,cổ tay đứng yên,0.8732394366197183,0.11267605633802817,0.0,0.8732394366197183,0.014084507042253521,0.0,0.9691966772079468,1.341651201248169,0.01027137041091919,0.6895925402641296
swipe_right,71,giữ 0% đổi dáng tay,0.056338028169014086,0.8169014084507042,0.1267605633802817,0.056338028169014086,0.0,0.0,0.06007097661495209,0.07640630751848221,0.5958840847015381,4.810470104217529
swipe_right,71,giữ 25% đổi dáng tay,0.2112676056338028,0.6338028169014085,0.15492957746478872,0.2112676056338028,0.0,0.0,0.256061315536499,0.3221721947193146,0.6330074667930603,4.792455673217773
swipe_right,71,giữ 50% đổi dáng tay,0.6056338028169014,0.22535211267605634,0.16901408450704225,0.6056338028169014,0.0,0.0,0.39488425850868225,0.6203609108924866,0.6316478252410889,4.713639259338379
swipe_right,71,giữ 75% đổi dáng tay,0.9014084507042254,0.04225352112676056,0.04225352112676056,0.9014084507042254,0.014084507042253521,0.0,0.6463243365287781,0.9730320572853088,0.6378239393234253,4.722473621368408
swipe_right,71,giữ 100% đổi dáng tay,1.0,0.0,0.0,1.0,0.0,0.0,0.9841352701187134,1.3450982570648193,0.6120752692222595,4.640470504760742
swipe_right,71,quãng dời ×0.25,0.9014084507042254,0.07042253521126761,0.014084507042253521,0.9014084507042254,0.014084507042253521,0.0,0.9768655300140381,1.3287187814712524,0.14440365135669708,1.3698101043701172
swipe_right,71,quãng dời ×0.5,0.9577464788732394,0.014084507042253521,0.014084507042253521,0.9577464788732394,0.014084507042253521,0.0,0.9821207523345947,1.319807767868042,0.31279221177101135,2.4517087936401367
swipe_right,71,quãng dời ×0.75,0.971830985915493,0.014084507042253521,0.014084507042253521,0.971830985915493,0.0,0.0,0.9878214001655579,1.3428459167480469,0.476224422454834,3.584947347640991
swipe_right,71,quãng dời ×1,1.0,0.0,0.0,1.0,0.0,0.0,0.9893492460250854,1.3460716009140015,0.6220800280570984,4.747188091278076
swipe_right,71,quãng dời ×1.5,0.9859154929577465,0.014084507042253521,0.0,0.9859154929577465,0.0,0.0,0.9927018284797668,1.3590668439865112,0.9679563045501709,7.109342575073242
